Monday/Poniedziałek,30.11.15,,,,,"3,67",,,,,6 800,5 300,,,,,,6 800,5 300,,,,,,,,,,,,
Tuesday/Wtorek,01.12.15,,,,,,,,,,,,,,,,,,,,,,,,,,,,,,
Wednesday/Środa,02.12.15,,,,,"4,0",,,,,9 300,4 800,,,,,,9 300,4 800,,,,,,,,,,,,
Thursday/Czwartek,03.12.15,,,,,"3,97",,,,,8 600,3 300,,,,,,8 600,3 300,,766,,,,,,,,,,
Friday/Piątek,04.12.15,,,,,"3,94",,,,,10 290,3 500,,,,,,10 290,3 500,,,,,,,,,,,,
Saturday/Sobota,05.12.15,,,,,,,,,,,,,,,,,,,,,,,,,,,,,,
Sunday/Niedziela,06.12.15,,,,,,,,,,,,,,,,,,,,,,,,,,,,,,
Monday/Poniedziałek,07.12.15,,,,,"4,31",,,,,7 700,2 600,,,,,,7 700,2 600,,,,,,,,,,,,
Tuesday/Wtorek,08.12.15,,,,,"4,60",,,,,6 800,2 600,,,,,,6 800,2 600,,,,,80,,"4,2",10,,"12,5","5,93",
Wednesday/Środa,09.12.15,,,,,"4,92",,,,,6 590,2 700,,,,,,6 590,2 700,,,,,75,"3,9","6,9",2,"1,0","17,3","7,63",
Thursday/Czwartek,10.12.15,,,,,"4,18",,,,,8 300,3 999,,,,,,8 300,3 999,,682,,,65,,"5,6",3,"0,1","19,8","6,20",
Friday/Piątek,11.12.15,,,,,"4,13",,,,,8 700,,,,,,,8 700,,,,,,,,,,,,,
Saturday/Sobota,12.12.15,,,,,,,,,,,,,,,,,,,,,,,,,,,,,,
Sunday/Niedziela,13.12.15,,,,,,,,,,,,,,,,,,,,,,,,,,,,,,
Monday/Poniedziałek,14.12.15,,,,,"4,37",,,,,4 300,,,,,,,4 300,,,,,,,,,,,,,
Tuesday/Wtorek,15.12.15,177,,,42,"4,78",,,,,9 400,,,,,,,9 400,,,,,,,,,,,,,
Wednesday/Środa,16.12.15,148,,,63,"4,63",,,,,10 600,,,,,,,10 600,,,,,,,,,,,,,
Thursday/Czwartek,17.12.15,3,,90,80,"4,16",,,,,11 200,,,,,,,11 200,,,,,,,,,,,,,110
Friday/Piątek,18.12.15,18,,78,80,"3,85",,,,,12 800,,,,,,,12 800,,,,,,,,,,,,,
Saturday/Sobota,19.12.15,-85,,65,82,,,,,,15 500,,,,,,,15 500,,,,,,,,,,,,,
Sunday/Niedziela,20.12.15,-86,,65,72,,,,,,,,,,,,,,,,,,,,,,,,,,
Monday/Poniedziałek,21.12.15,190,137,115,62,"4,12",,,1452,,10 600,,,,,,,10 600,,,,,,,,,,,,,
Tuesday/Wtorek,22.12.15,-233,,160,68,"4,17",,,,,8 000,,,,,,,8 000,,,,,,,,,,,,,
Wednesday/Środa,23.12.15,,,,41,"4,10",,,,,6 500,,,,,,,6 500,,,,,,,,,,,,,
Thursday/Czwartek,24.12.15,,,,,"4,20",,,,,7 700,,,,,,,7 700,,,,,,,,,,,,,
Friday/Piątek,25.12.15,,,,,,,,,,,,,,,,,,,,,,,,,,,,,,
Saturday/Sobota,26.12.15,,,,,,,,,,,,,,,,,,,,,,,,,,,,,,
Sunday/Niedziela,27.12.15,,,,,,,,,,,,,,,,,,,,,,,,,,,,,,
Monday/Poniedziałek,28.12.15,,,,,"4,83",,,,,7 300,,,,,,,7 300,,,,,,,,,,,,,
Tuesday/Wtorek,29.12.15,,,,,"4,58",,,,,5 900,,,,,,,5 900,,,,,,,,,,,,,
Wednesday/Środa,30.12.15,,,,,"4,74",,,,,6 100,,,,,,,6 100,,,,,,,,,,,,,
Thursday/Czwartek,31.12.15,,,,,"5,10",,,,,7 000,,,,,,,7 000,,,,,,,,,,,,,
Friday/Piątek,01.01.16,,,,,,,,,,,,,,,,,,,,,,,,,,,,,,
Saturday/Sobota,02.01.16,,,,,,,,,,,,,,,,,,,,,,,,,,,,,,
Sunday/Niedziela,03.01.16,,,,,,,,,,,,,,,,,,,,,,,,,,,,,,
Monday/Poniedziałek,04.01.16,,,,,"8,71",,,,,5 900,,,,,,,5 900,,,,,,,,,,,,,
Tuesday/Wtorek,05.01.16,,,128,,"5,53",,,,,5 100,,,,,,,5 100,,,,,,,,,,,,,
Wednesday/Środa,06.01.16,,,54,,,,,,,,,,,,,,,,,,,,,,,,,,,
Thursday/Czwartek,07.01.16,,,65,,"4,40",,,,,12 100,,,,1 333,,,12 100,,"1,3",1 574,,,43,"0,0","13,4",2,,"14,1","15,10",233
Friday/Piątek,08.01.16,,,112,,"4,63",,,,,14 300,,,,,,,14 300,,,,,,,,,,,,,
Saturday/Sobota,09.01.16,,,,,,,,,,,,,,,,,,,,,,,,,,,,,,
Sunday/Niedziela,10.01.16,,,,,,,,,,,,,,,,,,,,,,,,,,,,,,
Monday/Poniedziałek,11.01.16,,,306,,"5,80",,,,,6 400,,,,,,,6 400,,,,,,,,,,,,,
Tuesday/Wtorek,12.01.16,,188,202,,"4,66",,,2670,,14 200,,,,,,,14 200,,,,,,,,,,,"15,5",,
Wednesday/Środa,13.01.16,,227,206,,"4,36",,,2974,,13 100,,,,,,,13 100,,,2 033,,,33,,"1,3",1,,"14,9","11,00",252
Thursday/Czwartek,14.01.16,,175,152,,"4,32",,,2118,,12 100,,,,,,,12 100,,,,,,,,,,,,,
Friday/Piątek,15.01.16,,119,189,,"4,23",,,1404,,11 800,,,,,,,11 800,,,,,,,,,,,,,
Saturday/Sobota,16.01.16,,,,,,,,,,,,,,,,,,,,,,,,,,,,,,
Sunday/Niedziela,17.01.16,,,,,,,,,,,,,,,,,,,,,,,,,,,,,,
Monday/Poniedziałek,18.01.16,,228,170,,"4,69",,,2531,,11 100,,,,,,,11 100,,,,,,,,,,,,,
Tuesday/Wtorek,19.01.16,,268,250,,"4,80",,,2144,448,8 000,,,,1 670,,,8 000,,"1,7",1 448,,,4,,"1,1",1,"0,2","8,6","6,00",168
Wednesday/Środa,20.01.16,263,197,200,81,"4,69",,,1852,473,9 400,,,,2 400,,,9 400,,"2,4",1 339,,,9,,"1,2",4,"0,3","10,2","6,00",144
Thursday/Czwartek,21.01.16,202,158,206,88,"4,32",,,2054,348,13 000,,,,2 200,,,13 000,,"2,2",1 536,,,98,,"0,6",3,"0,4","11,8","7,60",137
Friday/Piątek,22.01.16,,,,94,,,,,,,,,,,,,,,,,,,,,,,,,,
Saturday/Sobota,23.01.16,,,,75,,,,,,,,,,,,,,,,,,,,,,,,,,
Sunday/Niedziela,24.01.16,46,123,165,65,,,,,,,,,,,,,,,,,,,,,,,,,,
Monday/Poniedziałek,25.01.16,530,349,295,56,"5,80",,,2234,646,6 400,2 315,,,1 850,,,6 400,2 315,"1,9",1 053,,,13,,"1,4",4,"0,2","6,4","4,50",96
Tuesday/Wtorek,26.01.16,291,270,200,77,"4,77",,,2700,540,10 000,4 369,,,2 000,,,10 000,4 369,"2,0",1 418,,,96,"94,3","1,2",11,"0,5","10,7","6,40",137
Wednesday/Środa,27.01.16,59,167,200,80,"4,55",,,1804,234,10 800,4 843,,,1 400,,,10 800,4 843,"1,4",1 950,,,102,,"0,8",5,"0,3","13,0","9,60",115
Thursday/Czwartek,28.01.16,266,190,225,67,"4,37","22,6",,1786,418,9 400,3 913,,,2 200,,,9 400,3 913,"2,2",1 907,,,77,"69,0","1,1",4,,"17,2","13,30",124
Friday/Piątek,29.01.16,-77,,,76,"4,52","22,8",,,,10 700,4 026,,,2 000,,,10 700,4 026,"2,0",1 642,,,104,,"1,0",17,,"15,4","12,90",106
Saturday/Sobota,30.01.16,0,,,67,"4,67","23,1",,,,,,,,,,,,,,,,,,,,,,,,
Sunday/Niedziela,31.01.16,91,117,160,67,"6,06","23,3",,,,,,,,,,,,,,,,,,,,,,,,
Monday/Poniedziałek,01.02.16,281,281,255,64,"5,07","22,7",,2192,506,7 800,2 090,,,1 800,,,7 800,2 090,"1,8",790,,,91,"81,4","5,1",9,,"10,8","7,60",99
Tuesday/Wtorek,02.02.16,389,303,222,64,"4,57","23,0",,3545,606,11 700,4 079,,,2 000,,,11 700,4 079,"2,0",,,,116,,"1,3",14,,"14,5","9,90",99
Wednesday/Środa,03.02.16,129,223,210,74,"4,19","23,3",,2921,624,13 100,5 695,,,2 800,,,13 100,5 695,"2,8",,,,118,,"0,4",12,,"19,0","13,70",86
Thursday/Czwartek,04.02.16,532,335,228,63,"4,27","23,2",,3116,838,9 300,4 464,,,2 500,,,9 300,4 464,"2,5",657,,,98,"84,0","0,9",14,"0,0","14,7",,87
Friday/Piątek,05.02.16,-50,,,86,"4,84","22,6",,,,15 100,4 902,,,2 000,,,15 100,4 902,"2,0",,,,120,,"0,4",18,,"10,2",,
Saturday/Sobota,06.02.16,-40,,73,80,"4,44","22,9",,,,9 300,,,,,,,9 300,,,,,,,,,,,,,
Sunday/Niedziela,07.02.16,0,,,75,"4,12","22,6",,,,,,,,,,,,,,,,,,,,,,,,
Monday/Poniedziałek,08.02.16,282,282,232,75,"4,38","22,3",,,846,,,,,3 000,,,3 800,,"3,0",881,,,107,,"4,1",17,,"14,1",,89
Tuesday/Wtorek,09.02.16,483,428,350,75,"5,50","22,5",,,411,,,,,960,,,4 073,,"1,0",,,,78,,"1,8",,,,,117
Wednesday/Środa,10.02.16,406,449,287,82,"5,39","22,8",,,1257,,,,,2 800,,,4 100,,"2,8",529,,,85,"75,9","0,6",9,"0,1","9,9",,89
Thursday/Czwartek,11.02.16,-58,,117,77,"5,14","23,0",,,,10 400,4 183,,,2 800,,,10 400,4 183,"2,8",538,,,80,"73,0","1,1",5,"2,0","12,9","8,59",82
Friday/Piątek,12.02.16,-108,,200,70,"5,34","22,8",,,,12 700,6 011,,,670,,,6 700,4 741,"0,7",234,,,35,,"0,3",3,"1,1","5,0","2,07",126
Saturday/Sobota,13.02.16,-72,,,57,"4,95","23,3",,,,,,,,,,,,,,,,,,,,,,,,
Sunday/Niedziela,14.02.16,-1,,,49,"4,70","24,3",,,,,,,,,,,,,,,,,,,,,,,,
Monday/Poniedziałek,15.02.16,420,298,214,49,"5,91","22,8",,2622,566,8 800,2 818,,,1 900,,,8 800,2 818,"1,9",513,,,81,"66,4","4,1",14,"0,6","16,3","12,28",104
Tuesday/Wtorek,16.02.16,293,396,240,63,"6,04","20,7",,6653,99,16 800,6 633,,,250,,,7 500,6 510,"0,3",410,,,84,"76,8","1,4",4,"1,0","12,8","9,98",181
Wednesday/Środa,17.02.16,429,443,194,51,"5,53","21,7",,5981,310,13 500,8 243,,,700,,,8 800,6 291,"0,7",395,,,84,,"0,8",4,"0,3","16,0","11,00",263
Thursday/Czwartek,18.02.16,330,368,133,50,"5,68","22,0",,4858,184,13 200,6 370,,,500,,,8 600,6 458,"0,5",582,,,97,"79,6","0,2",16,"1,7","8,3","4,95",96
Friday/Piątek,19.02.16,-57,,148,45,"4,98","20,8",,,,10 900,6 668,,,100,,,6 600,6 423,"0,1",283,,,68,"47,2","0,1",17,"0,7","4,5","1,90",89
Saturday/Sobota,20.02.16,72,,,38,"5,36","20,7",,,,,,,,,,,,,,,,,,,,,,,,
Sunday/Niedziela,21.02.16,18,75,91,47,"5,,54","22,2",,,,,,,,,,,,,,,,,,,,,,,,
Monday/Poniedziałek,22.02.16,380,226,191,40,"6,12","21,3",,1763,174,7 800,2 765,,,770,,,7 800,2 765,"0,8",463,,,,,"6,5",3,"1,5","13,9","11,26",132
Tuesday/Wtorek,23.02.16,309,389,224,58,"5,66","20,30",,3968,66,10 200,7 123,,,170,,,5 800,5 285,"0,2",931,,,,,"1,7",2,"0,3","7,5","4,68",271
Wednesday/Środa,24.02.16,396,370,201,49,"5,20","21,6",,5143,278,13 900,7 735,,,750,,,8 600,6 598,"0,8",324,,,,,"0,1",3,"0,0","5,6","2,40",95
Thursday/Czwartek,25.02.16,414,400,299,52,"5,48","21,3",,3920,64,9 800,6 125,,,160,,,5 000,4 463,"0,2",312,,,,,"1,8",1,"0,0","3,8","1,92",96
Friday/Piątek,26.02.16,-2,,290,53,"6,26","22,2",,,,10 000,6 458,,,280,,,6 900,6 143,"0,3",690,,,93,,"1,1",15,"6,2","11,6","9,00",253
Saturday/Sobota,27.02.16,-38,,,53,"4,96","20,5",,,,,,,,,,,,,,,,,,,,,,,,
Sunday/Niedziela,28.02.16,-49,,,49,"4,77","21,4",,,,,,,,,,,,,,,,,,,,,,,,
Monday/Poniedziałek,29.02.16,337,310,357,43,"4,91","20,8",,4464,78,14 400,4 909,,,250,,,4 200,3 798,"0,3",262,,,104,96.9,"7,2",7,"0,1","10,1","7,20",89
Tuesday/Wtorek,01.03.16,456,416,300,46,"6,97","18,9",,4243,171,10 200,6 230,,,410,,,7 300,5 968,"0,4",,,,86,"71,7",,14,"0,9","16,7","13,70",275
Wednesday/Środa,02.03.16,446,413,301,51,"5,77","19,8",,6195,248,15 000,6 230,,,600,,,7 900,,"0,6",,,,128,"118,9",,9,"0,1","17,0","12,30",207
Thursday/Czwartek,03.03.16,-68,,220,55,"6,22","20,8",,,,14 200,,,,790,,,8 600,,"0,8",,,,96,"79,9",,16,"0,1","17,2","12,20",107
Friday/Piątek,04.03.16,-77,,,47,"4,35","20,5",,,,18 900,,,,280,,,18 900,,"0,3",,,,111,"97,0",,14,"0,0","18,0","15,20",127
Saturday/Sobota,05.03.16,96,,,38,,"21,9",,,,,,,,,,,,,,,,,,,,,,,,
Sunday/Niedziela,06.03.16,-104,,,49,,"23,2",,,,,,,,,,,,,,,,,,,,,,,,
Monday/Poniedziałek,07.03.16,44,,161,37,"4,95","21,3",,,,11 900,,,,2 500,,,11 900,,"2,5",,,,106,"86,5",,19,"0,5","13,4",,126
Tuesday/Wtorek,08.03.16,547,555,132,42,"5,77","20,5",,9158,1166,16 500,10 200,,,2 100,,,16 500,10 200,"2,1","904,0",,,"90,0",,,11,"1,3",,,455
Wednesday/Środa,09.03.16,490,452,122,41,"5,03","22,3",,8317,1130,18 400,10 000,,,2 500,,,18 400,10 000,"2,5",,,,158,"148,9",,8,"1,1",,,517
Thursday/Czwartek,10.03.16,429,380,160,46,"5,20","22,5",,5966,1064,15 700,6 420,,,2 800,,,15 700,6 410,"2,8",783,,,124,"104,9",,18,"1,1",,,253
Friday/Piątek,11.03.16,-21,,160,51,"5,20","21,5",,,,18 300,12 900,,,2 500,,,18 300,12 900,"2,5",312,,,132,"115,6",,15,"1,4",,,138
Saturday/Sobota,12.03.16,93,,167,49,"5,40","22,3",,,,18 300,,,,,,,18 300,,,,,,,,,,,,,
Sunday/Niedziela,13.03.16,-49,,,60,"5,06","22,9",,,,,,,,,,,,,,,,,,,,,,,,
Monday/Poniedziałek,14.03.16,334,390,256,54,"5,50","20,3",,,1950,10 600,,,,5 000,,,10 600,,"5,0",765,,,68,,,23,"5,9",,,115
Tuesday/Wtorek,15.03.16,495,451,162,47,"6,20","20,1",,8253,2255,18 300,,,,5 000,,,18 300,,"5,0",643,,,55,,,9,,,,
Wednesday/Środa,16.03.16,460,433,172,52,"5,10","20,8",,6928,1246,16 000,,,,2 878,,,16 000,,"2,9",,,,,,,,,,,
Thursday/Czwartek,17.03.16,393,466,120,56,"4,87","21,3",,7969,2330,17 100,6 600,,,5 000,,,17 100,6 600,"5,0",625,,,76,,,11,,"13,3",,>125
Friday/Piątek,18.03.16,-50,,,47,"4,80","23,9",,,,16 000,4 600,,,4 500,,,16 000,4 600,"4,5",700,,,,,,17,,"12,0","7,80",115
Saturday/Sobota,19.03.16,255,,,41,"4,72","21,6",,,,,,,,,,,,,,,,,,,,,,,,
Sunday/Niedziela,20.03.16,-113,73,101,71,"4,76","23,0",,,,,,,,,,,,,,,,,,,,,,,,
Monday/Poniedziałek,21.03.16,515,480,207,49,"5,54","22,8",,3840,1200,8 000,2 900,,,2 500,,,8 000,2 900,"2,5",725,,,,,,7,,"9,6","6,20",117
Tuesday/Wtorek,22.03.16,516,431,270,53,"5,88","20,0",,4526,1078,10 500,5 000,,,2 500,,,10 500,5 000,"2,5",761,,,,,,5,,"12,0",,400
Wednesday/Środa,23.03.16,262,373,149,63,"5,20","20,8",,5558,1119,14 900,8 100,,,3 000,,,14 900,8 100,"3,0",747,,,,,,8,,,,1 336
Thursday/Czwartek,24.03.16,367,389,154,50,"4,99","20,4",,4940,1362,12 700,5 740,,,3 500,,,12 700,5 740,"3,5",644,,,,,,,,,,249
Friday/Piątek,25.03.16,-22,,,48,"4,70","21,8",,,,12 300,8 628,,,2 500,,,12 300,8 628,"2,5",1 060,,,,,,7,,,,810
Saturday/Sobota,26.03.16,-34,,,45,"4,68","22,7",,,,,,,,,,,,,,,,,,,,,,,,
Sunday/Niedziela,27.03.16,0,,,41,"4,65","22,5",,,,,,,,,,,,,,,,,,,,,,,,
Monday/Poniedziałek,28.03.16,195,85,36,41,"4,55","21,3",,,,,,,,,,,,,,,,,,,,,,,,
Tuesday/Wtorek,29.03.16,345,361,240,54,"5,82","20,7",,2856,903,7 910,2 853,,,2 500,,,7 910,2 853,"2,5",654,,,88,,"5,2",28,"0,3","8,4","5,10",149
Wednesday/Środa,30.03.16,350,404,261,52,"4,94","21,5",,4202,1616,10 400,7 400,,,4 000,,,10 400,7 400,"4,0",1 044,,,84,,"1,1",6,"0,6","18,9","12,90",950
Thursday/Czwartek,31.03.16,499,436,133,46,"5,51","22,8",,7107,1744,16 300,8 100,,,4 000,,,16 300,8 100,"4,0",762,,,111,,"0,7",8,"2,9","17,8","11,70",188
Friday/Piątek,01.04.16,-18,,130,53,"4,65","22,5",,,,17 300,7 000,,,4 000,,,17 300,7 000,"4,0",665,,,100,,"0,1",11,"3,4","22,8","16,60",103
Saturday/Sobota,02.04.16,43,,,51,"5,23","21,8",,,,,,,,,,,,,,,,,,,,,,,,
Sunday/Niedziela,03.04.16,102,119,99,56,"4,70","23,4",,,,,,,,,,,,,,,,,,,,,,,,
Monday/Poniedziałek,04.04.16,364,415,227,54,"5,05","21,1",,3611,830,8 700,3 000,,,2 000,,,10 000,,"2,0",922,,,94,,"6,6",9,"0,4","9,4","6,50",76
Tuesday/Wtorek,05.04.16,462,471,169,48,"4,36","21,9",,6782,942,14 400,6 500,,,2 000,,,11 805,6 500,"2,0",873,,,92,"83,9","1,2",8,"0,1","15,3","9,50",119
Wednesday/Środa,06.04.16,814,523,160,47,"4,33","22,4",,8159,2092,15 600,7 100,,,4 000,,,15 600,7 100,"4,0",776,,,82,,"0,6",12,,,"16,20",100
Thursday/Czwartek,07.04.16,20,359,138,81,"4,66","22,7",,4664,1686,13 000,5 400,,,4 700,,,13 000,5 400,"4,7",762,,,116,"106,8","0,1",9,"0,2","18,7","14,90",112
Friday/Piątek,08.04.16,454,398,143,41,"5,14","22,6",,6494,1594,16 300,7 600,,,4 000,,,16 300,7 600,"4,0",721,,,105,"92,3","0,7",12,"0,7","16,5","11,80",190
Saturday/Sobota,09.04.16,562,318,144,48,"4,68","23,6",,,,,,,,,,,,,,,,,,,,,,,,
Sunday/Niedziela,10.04.16,-222,57,117,76,"4,85","24,8",,,,,,,,,,,,,,,,,,,,,,,,
Monday/Poniedziałek,11.04.16,512,425,200,44,"5,12","23,6",,5015,283,11 800,3 900,,,667,,,11 800,3 900,"0,7",485,,,55,"47,3","3,3",7,"0,7","12,0","7,60",99
Tuesday/Wtorek,12.04.16,246,325,119,54,"5,06","22,5",,5184,650,15 950,7 100,,,2 000,,,15 950,7 100,"2,0",527,,,107,"95,8","12,0",11,"0,2","13,9","9,90",169
Wednesday/Środa,13.04.16,332,370,184,45,"4,94","23,5",,4551,988,12 300,5 000,,,2 670,,,12 300,5 000,"2,7",416,,,114,"104,8","0,3",9,"0,2","13,0","9,50",86
Thursday/Czwartek,14.04.16,391,356,139,40,"5,57","23,3",,4842,712,13 600,6 000,,,2 000,,,13 600,6 000,"2,0",485,,,135,"115,7","0,3",14,"5,3","18,0","13,80",169
Friday/Piątek,15.04.16,328,362,148,45,,"21,8",,,,,,,,,,,,,,,,,,,,,,,,
Saturday/Sobota,16.04.16,262,,,41,"4,98","22,6",,,,,,,,,,,,,,,,,,,,,,,,
Sunday/Niedziela,17.04.16,-224,54,144,71,"4,69","24,6",,,,,,,,,,,,,,,,,,,,,,,,
Monday/Poniedziałek,18.04.16,424,380,158,39,,"23,8",,4152,380,10 925,,,,1 000,32,5,10 925,,"1,0",,,,84,"68,9",,15,"0,1","13,8",,
Tuesday/Wtorek,19.04.16,384,414,126,44,,"22,0",,5392,1035,13 025,,,,2 500,42,7,13 025,,"2,5",,,,101,"90,6",,10,"0,4","16,2",,
Wednesday/Środa,20.04.16,450,396,123,40,,"22,9",,6019,990,15 200,,,,2 500,38,5,15 200,,"2,5",,,,97,"82,9",,6,"8,1","12,8",,
Thursday/Czwartek,21.04.16,580,472,119,47,,"23,8",,7729,1416,16 375,,,,3 000,55,12,16 375,,"3,0",,,,116,"109,9",,6,"0,1","24,6",,
Friday/Piątek,22.04.16,375,402,114,59,,"23,6",,6804,1709,16 925,,,,4 250,36,8,16 925,,"4,3",,,,90,"78,8",,11,"0,2","20,1",,
Saturday/Sobota,23.04.16,573,350,150,56,,"23,2",,5354,1226,15 280,,,,3 500,35,8,15 280,,"3,5",,,,101,"92,0",,9,"0,0","23,1",,
Sunday/Niedziela,24.04.16,-221,27,129,82,,"24,0",,,,,,,,,,,,,,,,,,,,,,,,
Monday/Poniedziałek,25.04.16,440,411,121,53,,"23,7",,4336,1233,10 550,,,,3 000,39,7,10 550,,"3,0",,,,94,"68,0",,16,"0,0","18,2",,
Tuesday/Wtorek,26.04.16,465,448,118,56,,"22,0",,6048,1523,13 500,,,,3 400,44,10,13 500,,"3,4",,,,98,"86,9",,11,"0,1","23,1",,
Wednesday/Środa,27.04.16,346,418,138,58,,"23,2",,6249,,14 950,,,,,,,14 950,,,,,,,,,,,,,
Thursday/Czwartek,28.04.16,419,436,164,50,,"23,5",,6104,,14 000,,,,,,,14 000,,,,,,,,,,,,,
Friday/Piątek,29.04.16,387,404,153,48,"4,48","23,9",,7037,2426,17 400,6 300,,,6 000,57,9,17 400,6 300,"6,0",901,,,142,"122,4","0,6",15,"4,4","23,2","2,20",97
Saturday/Sobota,30.04.16,576,319,208,46,,"24,4",,,,,,,,,,,,,,,,,,,,,,,,
Sunday/Niedziela,01.05.16,-223,50,163,76,,"24,6",,,,,,,,,,,,,,,,,,,,,,,,
Monday/Poniedziałek,02.05.16,471,377,155,44,,"23,9",,,,,,,,,,,,,,,,,,,,,,,,
Tuesday/Wtorek,03.05.16,548,394,161,55,,"22,3",,,,,,,,,,,,,,,,,,,,,,,,
Wednesday/Środa,04.05.16,201,393,161,73,"4,56","23,2",,5757,2358,14 650,5 300,,,6 000,52,10,14 650,5 300,"6,0",693,,,132,"124,0","5,3",8,"0,0","24,3","18,70",98
Thursday/Czwartek,05.05.16,157,163,163,51,"5,11","24,6",,2412,815,14 800,5 600,,,5 000,24,3,14 800,5 600,"5,0",554,,,148,"128,1","1,0",18,"1,9","20,5","15,90",109
Friday/Piątek,06.05.16,238,335,144,50,"4,32","23,5",,5591,1774,16 700,5 600,,,5 300,37,8,16 700,5 600,"5,3",471,,,112,"100,0","1,3",8,"4,0","23,8","20,60",104
Saturday/Sobota,07.05.16,465,332,153,39,,"24,6",,,,,,,,,,,,,,,,,,,,,,,,
Sunday/Niedziela,08.05.16,-71,42,91,54,,"25,6",,,,,,,,,,,,,,,,,,,,,,,,
Monday/Poniedziałek,09.05.16,491,403,220,41,"4,78","25,4",,2460,605,6 100,2 300,,,1 500,22,,6 100,2 300,"1,5",587,,,54,"46,9","3,3",7,"0,1",,"0,00",78
Tuesday/Wtorek,10.05.16,475,412,154,51,"5,37","23,5",,6922,1373,16 800,5 600,,,3 333,33,8,16 800,5 600,"3,3",388,,,79,"62,6","0,8",16,"0,4","19,2","15,00",146
Wednesday/Środa,11.05.16,619,476,155,59,"4,67","25,3",,8044,2221,16 900,5 000,,,4 667,56,13,16 900,5 000,"4,7",402,,,118,"114,6","0,4",3,"0,4","28,0","23,70",96
Thursday/Czwartek,12.05.16,533,541,214,75,"4,67","25,4",,8280,2526,15 300,5 200,,,4 667,56,14,11 000,,"4,7",554,,,104,"98,0","0,3",6,"0,0","26,7","24,40",99
Friday/Piątek,13.05.16,455,457,139,74,"4,87",,,6032,1554,13 200,5 100,,,3 400,59,11,6 700,,"3,4",527,,,130,"125,0","1,1",5,"0,0","23,7","16,90",94
Saturday/Sobota,14.05.16,505,365,216,74,,,,,,,,,,,,,,,,,,,,,,,,,,
Sunday/Niedziela,15.05.16,-255,57,186,90,,,,,,,,,,,,,,,,,,,,,,,,,,
Monday/Poniedziałek,16.05.16,502,490,180,54,"4,85","25,1",,6223,4165,12 700,3 500,,,8 500,60,9,12 700,3 500,"8,5",1 081,,,122,"105,9","7,2",16,"0,1","17,4","15,90",31
Tuesday/Wtorek,17.05.16,406,468,121,55,"5,36","23,8",,9641,2808,20 600,3 900,,,6 000,56,7,20 600,3 900,"6,0",494,,,120,"97,9","0,5",16,"6,1","15,9","10,90",194
Wednesday/Środa,18.05.16,555,529,133,48,"5,59","23,2",,8887,2821,16 800,5 700,,,5 333,19,15,16 800,5 700,"5,3",457,,,36,"24,3","0,4",11,"0,7","28,2","26,90",135
Thursday/Czwartek,19.05.16,561,458,166,51,"5,21","25,3",,6412,2061,14 000,4 500,,,4 500,37,13,14 000,4 500,"4,5",416,,,81,"74,0","0,1",7,"0,0","28,3","27,40",87
Friday/Piątek,20.05.16,290,397,152,63,"4,69","24,9",,8818,2118,22 200,5 800,,,5 333,48,13,22 200,5 800,"5,3",804,,,122,"98,9","0,1",23,"0,1","31,9","28,60",44
Saturday/Sobota,21.05.16,563,408,146,51,,"26,1",,,,,,,,,,,,,,,,,,,,,,,,
Sunday/Niedziela,22.05.16,-132,67,121,69,,"26,4",,,,,,,,,,,,,,,,,,,,,,,,
Monday/Poniedziałek,23.05.16,471,432,133,45,"4,95","26,8",,5443,1728,12 600,3 600,,,4 000,47,7,12 600,3 600,"4,0",998,,,108,"101,8","6,2",6,"0,2","17,2","16,30",114
Tuesday/Wtorek,24.05.16,523,482,151,50,"4,94","24,6",,5982,1287,12 400,4 700,,,2 667,52,10,12 400,4 700,"2,7",762,,,108,"101,9","0,8",6,"0,1","20,7","17,50",93
Wednesday/Środa,25.05.16,440,472,174,55,"4,76","25,7",,5848,1273,12 400,4 900,,,2 700,56,10,12 400,4 900,"2,7",929,,,118,"104,5","1,7",13,"0,5","21,4","17,50",103
Thursday/Czwartek,26.05.16,461,434,149,51,"4,94","25,6",,5647,1173,13 000,5 000,,,2 700,42,10,13 000,5 000,"2,7",748,,,97,"82,0","1,4",14,"1,0","23,4","20,70",97
Friday/Piątek,27.05.16,396,451,148,54,"4,91","24,9",,6588,1504,14 600,5 200,,,3 333,56,10,14 600,5 200,"3,3",721,,,125,"116,4","0,5",8,"0,6","22,0","18,70",126
Saturday/Sobota,28.05.16,496,388,147,48,,"25,0",,,,,,,,,,,,,,,,,,,,,,,,
Sunday/Niedziela,29.05.16,32,94,119,60,,"26,8",,,,,,,,,,,,,,,,,,,,,,,,
Monday/Poniedziałek,30.05.16,459,512,187,53,"4,46","26,4",,4454,1024,8 700,3 700,,,2 000,62,11,8 700,3 700,"2,0",1 053,,,122,"115,7","11,8",6,"0,1","22,2","20,40",110
Tuesday/Wtorek,31.05.16,512,501,155,47,"4,61","25,7",,6914,1338,13 800,5 400,,,2 670,75,12,13 800,5 400,"2,7",942,,,149,"127,8","2,9",20,"1,2","23,3","16,60",117
Wednesday/Środa,01.06.16,587,537,174,48,"5,50","26,6",,6283,1074,11 700,7 100,,,2 000,96,13,11 700,7 100,"2,0",2 074,,,178,"172,5","1,3",5,"0,5","24,6","18,30",325
Thursday/Czwartek,02.06.16,471,509,148,54,"5,06","26,1",,7431,,14 600,6 900,,,,,,14 600,6 900,,1 746,,,,,"2,3",6,"0,3",,"22,30",310
Friday/Piątek,03.06.16,537,524,154,50,"5,00","26,3",,,,,,,,,,,,,,,,,,,,,,,,
Saturday/Sobota,04.06.16,476,387,116,51,"5,30","28,0",,,,,,,,,,,,,,,,,,,,,,,,
Sunday/Niedziela,05.06.16,-89,59,119,61,"5,00","28,0",,,,,,,,,,,,,,,,,,,,,,,,
Monday/Poniedziałek,06.06.16,376,418,159,44,"5,81","26,0",,3971,1115,9 500,4 400,,,2 667,46,7,9 500,4 400,"2,7",1 677,,,110,"98,6","18,1",11,"0,4","16,7","16,50",174
Tuesday/Wtorek,07.06.16,565,489,119,39,"5,00","25,2",,4743,978,9 700,5 000,,,2 000,40,15,9 700,5 000,"2,0",1 677,,,82,"76,6","0,8",5,"0,4","30,3","28,40",174
Wednesday/Środa,08.06.16,542,483,141,48,"5,00","26,8",,7342,1288,15 200,8 500,,,2 667,47,10,15 200,8 500,"2,7",2 495,,,98,"89,3","0,9",8,"0,7","20,1","18,40",265
Thursday/Czwartek,09.06.16,521,494,128,55,"4,58","26,9",,6768,1317,13 700,7 100,,,2 667,59,12,13 700,7 100,"2,7",2 356,,,119,"97,6","0,4",21,"0,4","23,3","21,80",143
Friday/Piątek,10.06.16,511,498,151,58,"5,15","26,4",,7868,2324,15 800,8 800,,,4 667,,,15 800,8 800,"4,7",3 285,,,,,"19,4",30,"0,5",,"9,40",221
Saturday/Sobota,11.06.16,344,440,129,60,,"27,2",,,,,,,,,,,,,,,,,,,,,,,,
Sunday/Niedziela,12.06.16,9,85,117,49,,"28,0",,,,,,,,,,,,,,,,,,,,,,,,
Monday/Poniedziałek,13.06.16,629,465,90,40,"5,74","28,6",,7022,1550,15 100,6 300,,,3 333,41,10,15 100,6 300,"3,3",1 816,,,89,"79,5","3,1",9,"0,5","22,3","14,50",180
Tuesday/Wtorek,14.06.16,451,478,71,59,"5,65","26,2",,6262,1912,13 100,5 200,,,4 000,48,10,13 100,5 200,"4,0",1 220,,,101,"90,8","20,2",10,"0,2","21,4","15,30",104
Wednesday/Środa,15.06.16,745,576,80,56,"8,00","26,5",,9389,2688,16 300,5 700,,,4 667,69,16,16 300,5 700,"4,7",873,,,120,"102,0","3,9",17,"1,0","28,6","24,20",94
Thursday/Czwartek,16.06.16,419,504,72,75,"5,28","26,0",,8971,2352,17 800,9 000,,,4 667,47,10,17 800,9 000,"4,7",1 026,,,93,"83,6","3,4",9,"0,4","20,2","16,60",184
Friday/Piątek,17.06.16,582,497,95,66,"5,50","26,4",,7952,1988,16 000,6 400,,,4 000,40,12,16 000,6 400,"4,0",956,,,81,"70,6","0,3",8,"2,4","24,9","20,60",89
Saturday/Sobota,18.06.16,44,133,12,75,"4,15","27,1",,,,,,,,,,,,,,,,,,,,,,,,
Sunday/Niedziela,19.06.16,-117,0,,65,"3,68","24,6",,,,,,,,,,,,,,,,,,,,,,,,
Monday/Poniedziałek,20.06.16,-301,0,,51,"4,83","26,4",,,,,,,,,,,,,,,,,,,,,,,,
Tuesday/Wtorek,21.06.16,9,0,223,16,"6,24","36,4",,,,,,,,,,,,,,,,,,,,,,,,
Wednesday/Środa,22.06.16,1 177,479,144,17,"6,35","35,9",,6035,2553,12 600,3 900,,,5 333,50,8,12 600,3 900,"5,3",776,,,104,"97,0","20,0",7,"0,1","17,2","14,80",101
Thursday/Czwartek,23.06.16,21,566,94,99,"6,65","28,0",,11263,849,19 900,6 900,,,1 500,68,19,19 900,6 900,"1,5",1 552,,,120,"101,0","1,4",19,"0,1","33,7","27,00",93
Friday/Piątek,24.06.16,614,474,159,35,"5,30","29,3",,8911,2844,18 800,5 900,,,6 000,61,3,18 800,5 900,"6,0",1 927,,,129,"108,9","1,8",20,"0,1","6,7","8,90",101
Saturday/Sobota,25.06.16,367,388,155,52,"5,87","30,0",,,,,,,,,,,,,,,,,,,,,,,,
Sunday/Niedziela,26.06.16,-51,87,146,49,"4,54","29,5",,,,,,,,,,,,,,,,,,,,,,,,
Monday/Poniedziałek,27.06.16,576,490,109,33,"6,11","29,1",,7056,2450,14 400,3 400,,,5 000,37,5,14 400,3 400,"5,0",1 908,,,75,,"14,8",12,"0,0","11,2","9,70",78
Tuesday/Wtorek,28.06.16,496,487,96,43,"6,33","25,9",,6185,1607,12 700,6 100,,,3 300,38,7,12 700,6 100,"3,3",843,,,78,,"2,6",8,"0,4","14,1","10,00",117
Wednesday/Środa,29.06.16,518,441,86,44,"6,13","26,6",,6968,882,15 800,7 400,,,2 000,43,12,15 800,7 400,"2,0",873,,,97,,"4,7",11,"3,3","28,2","21,40",140
Thursday/Czwartek,30.06.16,553,449,18,53,"4,55","27,2",,7947,1482,17 700,7 100,,,3 300,64,11,17 700,7 100,"3,3",1 067,,,143,,"5,0",17,"0,6","24,7","21,20",103
Friday/Piątek,01.07.16,221,135,,65,"4,55",,,,,,,,,,,,,,,,,,,,,,,,,
Saturday/Sobota,02.07.16,-232,282,,75,"4,34",,,,,,,,,,,,,,,,,,,,,,,,,
Sunday/Niedziela,03.07.16,0,,,15,"5,60",,,,,,,,,,,,,,,,,,,,,,,,,
Monday/Poniedziałek,04.07.16,621,333,,15,"6,05",,,,,,,,,,,,,,,,,,,,,,,,,
Tuesday/Wtorek,05.07.16,478,461,56,49,"11,00",,,,,,,,,,,,,,,,,,,,,,,,,
Wednesday/Środa,06.07.16,645,584,118,51,"5,68","26,9",,8059,2726,13 800,5 800,,,,63,10,13 800,5 800,"4,7",790,,,108,"92,0","13,5",11,"5,0","17,9","13,40",100
Thursday/Czwartek,07.07.16,559,568,119,58,"5,25","28,3",,7838,3010,13 800,4 800,,,5 333,97,17,13 800,4 800,"5,3",1 414,,,170,"163,0","8,0",7,"0,0","29,7","26,70",97
Friday/Piątek,08.07.16,-29,325,71,57,"5,06","28,2",,3543,867,10 900,4 400,,,2 667,26,7,10 900,4 400,"2,7",1 441,,,80,"75,0","0,4",5,"0,0","20,4","18,70",93
Saturday/Sobota,09.07.16,1,,,15,"5,27","28,7",,,,,,,,,,,,,,,,,,,,,,,,
Sunday/Niedziela,10.07.16,234,,,16,"5,54","15,8",,,,,,,,,,,,,,,,,,,,,,,,
Monday/Poniedziałek,11.07.16,459,344,78,43,"5,36","19,6",,,,,,,,,,,,,,,,,,,,,,,,
Tuesday/Wtorek,12.07.16,548,548,118,56,"5,47","26,5",,7124,4018,13 000,7 200,,,7 333,18,14,13 000,7 200,"7,3",915,,,33,"17,0","6,8",16,"0,0","26,2","22,40",134
Wednesday/Środa,13.07.16,536,604,149,56,"5,88","27,8",,6946,1208,11 500,4 400,,,2 000,57,9,11 500,5 600,"2,0",1 123,,,95,"89,4","6,9",4,"1,6","15,7","11,40",97
Thursday/Czwartek,14.07.16,765,743,164,48,"5,11","27,2",,10105,3468,13 600,4 200,,,4 667,57,17,13 600,4 200,"4,7",804,,,77,"60,9","6,1",16,"0,1","23,0","19,60",79
Friday/Piątek,15.07.16,507,596,152,51,"6,05","24,1",,6020,1192,10 100,5 200,,,2 000,53,10,10 100,5 200,"2,0",582,,,89,"71,3","4,9",17,"0,7","17,4","13,40",110
Saturday/Sobota,16.07.16,276,578,107,41,"5,05","26,8",,,,,,,,,,,,,,,,,,,,,,,,
Sunday/Niedziela,17.07.16,693,189,167,5,"5,21","28,7",,,,,,,,,,,,,,,,,,,,,,,,
Monday/Poniedziałek,18.07.16,395,524,151,64,"5,70","28,2",,6183,3494,11 800,2 100,,,6 667,71,6,11 800,2 100,"6,7",818,,,135,"128,4","15,4",6,"0,6","12,2","11,20",84
Tuesday/Wtorek,19.07.16,569,592,157,49,"6,32","27,0",,5446,1184,9 200,4 100,,,2 000,49,5,9 200,4 100,"2,0",1 483,,,82,"78,0","0,3",4,"0,0","8,5","5,70",87
Wednesday/Środa,20.07.16,655,612,129,46,"5,38","27,9",,6181,1632,10 100,4 000,,,2 667,51,12,10 100,4 000,"2,7",1 857,,,84,"80,0","1,2",4,"0,0","19,7","16,90",103
Thursday/Czwartek,21.07.16,564,576,206,51,"5,81","27,5",,6451,2304,11 200,5 000,,,4 000,58,6,11 200,5 000,"4,0",2 162,,,100,"96,0","0,2",4,"0,0","9,9","7,50",109
Friday/Piątek,22.07.16,704,611,122,50,"6,00","26,8",,11483,4092,18 800,5 700,,,6 700,87,6,18 800,5 700,"6,7",1 885,,,142,"125,5","1,4",16,"0,5","10,4","5,70",178
Saturday/Sobota,23.07.16,369,452,147,61,,"27,6",,,,,,,,,,,,,,,,,,,,,,,,
Sunday/Niedziela,24.07.16,402,156,96,51,,"28,0",,,,,,,,,,,,,,,,,,,,,,,,
Monday/Poniedziałek,25.07.16,372,549,24,80,"6,44","26,8",,2416,366,4 400,2 200,,,667,55,4,4 400,2 200,"0,7",804,,,100,"101,1","4,4",1,"0,1","6,7","5,00",90
Tuesday/Wtorek,26.07.16,534,571,50,59,,"26,0",,9136,1903,16 000,6 500,,,3 333,76,26,16 000,6 500,"3,3",1 635,,,133,"124,9","5,9",8,"0,1","46,2","42,90",55
Wednesday/Środa,27.07.16,609,523,58,55,"5,50","27,0",,7740,2789,14 800,6 000,,,5 333,73,17,14 800,5 333,"5,3",2 051,,,139,"126,0","2,0",13,"0,0","32,1","30,20",76
Thursday/Czwartek,28.07.16,674,614,56,65,"5,30","26,9",,9149,2046,14 900,5 300,,,3 333,73,14,14 900,5 300,"3,3",2 037,,,119,"107,9","1,2",11,"0,1","22,9","21,10",95
Friday/Piątek,29.07.16,332,583,93,72,"5,02","27,3",,8687,2332,14 900,4 300,,,4 000,189,18,14 900,4 300,"4,0",2 051,,,324,"317,0","2,3",7,"0,0","31,1","26,00",85
Saturday/Sobota,30.07.16,,,,43,"5,65","26,8",,,,,,,,,,,,,,,,,,,,,,,,
Sunday/Niedziela,31.07.16,,,,,,,,,,,,,,,,,,,,,,,,,,,,,,
Monday/Poniedziałek,01.08.16,283,514,107,81,"5,70","23,9","129,7",5705,1713,11 100,2 100,,,3 333,47,8,11 100,,"3,3",2 938,,,91,"87,0","22,6",4,"0,0","14,7","13,60",75
Tuesday/Wtorek,02.08.16,499,533,116,54,"9,00","24,8","166,0",7302,2842,13 700,6 900,,,5 333,58,11,13 700,6 900,"5,3",1 081,,,108,"95,7","28,1",12,"0,3","20,4","19,00",100
Wednesday/Środa,03.08.16,489,523,133,50,"5,50","25,2","153,3",6747,2092,12 900,5 800,,,4 000,62,10,12 900,5 800,"4,0",430,,,118,"108,0",,10,"0,0","19,4","16,00",171
Thursday/Czwartek,04.08.16,,,122,46,"5,40","27,2",,,,15 300,6 700,,,6 667,,,15 300,6 700,"6,7",915,,,102,"94,8",,7,"0,2","22,3","18,00",161
Friday/Piątek,05.08.16,,,,,,,,,,14 800,,,,,,,14 800,,,,,,,,,,,,,
Saturday/Sobota,06.08.16,,,165,,,,,,,,,,,,,,10 996,,,,,,,,,,,,,
Sunday/Niedziela,07.08.16,,,,,,,,,,,,,,,,,,,,,,,,,,,,,,
Monday/Poniedziałek,08.08.16,441,526,124,61,"6,30","25,6","198,4",8732,351,16 600,2 200,,,667,32,4,16 600,2 200,"0,7",416,,,61,"34,8",,26,"0,2","7,6","4,30",35
Tuesday/Wtorek,09.08.16,393,416,121,51,"5,60","26,2","161,7",7114,2773,17 100,,,,6 667,,,17 100,6 400,"6,7",804,,,,,,16,"0,4",,,82
Wednesday/Środa,10.08.16,479,520,51,48,"5,70","26,6","120,5",5300,693,10 200,5 500,,,1 333,,,10 200,5 500,"1,3",1 150,,,,,,11,"0,3",,,84
Thursday/Czwartek,11.08.16,508,458,76,44,"4,30","26,4","91,6",4030,153,8 800,7 200,,,333,,,8 800,7 200,"0,3",1 095,,,,,,11,"0,0",,,79
Friday/Piątek,12.08.16,,,110,49,"6,35","26,3",,,,8 100,5 300,,,1 333,,,8 100,5 300,"1,3",887,,,,,,7,"0,0",,,89
Saturday/Sobota,13.08.16,,,128,,,,,,,,,,,,,,,,,,,,,,,,,,,
Sunday/Niedziela,14.08.16,,,126,,,,,,,,,,,,,,,,,,,,,,,,,,,
Monday/Poniedziałek,15.08.16,,469,112,,,,,,,,,,,,,,,,,,,,,,,,,,,
Tuesday/Wtorek,16.08.16,158,,159,43,"5,90","25,0",,,,10 800,5 200,,,1 500,,,10 800,5 200,"1,5",929,,,69,"65,2","0,9",4,"0,0","9,4","4,30",118
Wednesday/Środa,17.08.16,441,550,177,61,"5,83","27,6","98,8",4345,2200,7 900,6 000,,,4 000,67,5,7 900,6 000,"4,0",1 538,,,121,"112,9","0,2",7,"1,1","8,7","3,10",116
Thursday/Czwartek,18.08.16,819,744,183,48,"5,60","27,0","192,8",8482,992,11 400,5 000,,,1 333,73,18,10 000,5 000,"1,3",1 040,,,98,"80,4","7,3",17,"0,6","24,8","19,20",77
Friday/Piątek,19.08.16,,576,162,57,"7,50","25,5","209,5",9216,1152,16 000,8 500,,,2 000,44,9,14 000,8 500,"2,0",1 649,,,77,,"1,7",11,"1,3","16,0","9,10",166
Saturday/Sobota,20.08.16,,,,,,,,,,,,,,,,,,,,,,,,,,,,,,
Sunday/Niedziela,21.08.16,,192,191,,,,,,,,,,,,,,,,,,,,,,,,,,,
Monday/Poniedziałek,22.08.16,473,464,197,45,"6,70","25,2","52,7",2320,309,5 000,1 300,,,667,20,3,5 000,1 300,"0,7",374,,,43,"35,9","2,3",6,"1,1","6,3","3,70",168
Tuesday/Wtorek,23.08.16,567,584,133,46,"6,00","26,9","118,1",5198,584,8 900,5 300,,,1 000,24,5,8 400,4 600,"1,0",527,,,41,,"0,6",7,"0,0","8,9","5,40",81
Wednesday/Środa,24.08.16,582,514,120,44,"7,10","26,6","163,5",7196,1713,14 000,5 600,,,3 333,152,5,14 000,5 600,"3,3",651,,,296,"281,7","2,0",9,"5,3","10,1","6,60",67
Thursday/Czwartek,25.08.16,446,506,150,52,"5,30","26,3","190,9",8400,2698,16 600,5 800,,,5 333,55,8,13 900,5 800,"5,3",1 414,,,108,"91,0","0,3",12,"5,0","15,2","9,50",74
Friday/Piątek,26.08.16,,,128,45,"6,19","27,1",,,,13 300,6 500,,,4 000,,,11 150,6 500,"4,0",1 247,,,83,"69,7","0,6",11,"2,3","8,5","3,20",76
Saturday/Sobota,27.08.16,,425,,,,,,,,,,,,,,,,,,,,,,,,,,,,
Sunday/Niedziela,28.08.16,,,,,,,,,,,,,,,,,,,,,,,,,,,,,,
Monday/Poniedziałek,29.08.16,519,485,238,39,"6,54","27,8","44,1",1940,485,4 000,1 800,,,1 000,51,4,4 000,1 800,"1,0",859,,,106,,"5,2",8,"5,3","7,6","5,60",108
Tuesday/Wtorek,30.08.16,626,566,216,43,"7,67","27,7","127,4",5603,2264,9 900,4 800,,,4 000,48,9,9 900,4 800,"4,0",1 484,,,84,"76,7","1,2",7,"0,3","15,2","8,00",218
Wednesday/Środa,31.08.16,546,583,200,50,"6,21","28,8","133,9",5890,2333,10 100,5 700,,,4 000,69,9,10 100,5 700,"4,0",1 594,,,118,"109,7","0,6",8,"0,3","16,2","9,30",218
Thursday/Czwartek,01.09.16,,554,180,46,"5,56","28,6","155,0",6819,2772,12 300,,,,5 000,,,9 840,3 800,"5,0",,,,,,,,,,,
Friday/Piątek,02.09.16,,554,159,,"5,54",,"180,2",7928,2772,14 300,6 300,,,5 000,54,9,14 300,6 300,"5,0",1 705,,,98,"88,0","3,9",10,"0,0","16,4",,153
Saturday/Sobota,03.09.16,,266,,,,"27,9",,,,,,,,,,,,,,,,,,,,,,,,
Sunday/Niedziela,04.09.16,,,,,,"28,8",,,,,,,,,,,,,,,,,,,,,,,,
Monday/Poniedziałek,05.09.16,675,564,176,46,,"27,1","29,5",1297,423,2 300,1 600,,,750,30,3,2 300,1 600,"0,8",554,,,53,,"5,7",10,"5,7","4,8","3,30",77
Tuesday/Wtorek,06.09.16,480,535,173,59,,"28,8","171,5",7546,3746,14 100,4 400,,,7 000,81,11,14 100,4 400,"7,0",1 608,,,152,"144,7","1,5",7,"0,3","20,8","16,20",110
Wednesday/Środa,07.09.16,429,485,125,53,"5,47","28,1","195,0",8581,2909,17 700,6 700,,,6 000,66,13,17 700,6 700,"6,0",2 121,,,136,"126,0","3,4",10,"0,0","26,1","12,80",113
Thursday/Czwartek,08.09.16,346,363,118,46,"5,80","27,8","125,4",5518,1694,15 200,5 500,,,4 667,44,18,15 200,5 500,"4,7",1 857,,,121,"112,7","0,1",8,"0,3","48,7","18,50",337
Friday/Piątek,09.09.16,,329,120,44,"6,10","28,4","82,9",3650,658,11 100,5 600,,,2 000,25,6,11 100,5 600,"2,0",1 358,,,77,"67,4","0,2",8,"1,6","17,8","12,30",129
Saturday/Sobota,10.09.16,,218,,,,,,,,,,,,,,,,,,,,,,,,,,,,
Sunday/Niedziela,11.09.16,,,,,,,,,,,,,,,,,,,,,,,,,,,,,,
Monday/Poniedziałek,12.09.16,300,402,236,56,"5,96","27,6","27,4",1206,241,3 000,1 300,,,600,15,2,3 000,1 300,"0,6",665,,,38,"36,0","9,4",0,"2,0","5,3","4,30",85
Tuesday/Wtorek,13.09.16,555,529,117,44,"6,49","27,1","119,0",5237,1323,9 900,4 000,,,2 500,33,3,9 900,4 000,"2,5",1 261,,,62,"58,0","0,9",4,"0,0","5,7","4,40",103
Wednesday/Środa,14.09.16,356,396,156,47,"5,97","27,9","83,7",3683,792,9 300,3 900,,,2 000,27,2,9 300,3 900,"2,0",1 719,,,68,,"0,0",4,"0,1","5,7","4,10",100
Thursday/Czwartek,15.09.16,330,327,164,43,"6,29","28,1","56,5",2485,654,7 600,2 900,,,2 000,24,1,7 600,2 900,"2,0",1 802,,,74,,"0,5",3,"0,0","3,7","2,18",96
Friday/Piątek,16.09.16,,422,133,43,"7,38","28,1","98,9",4351,1056,10 300,3 700,,,2 500,38,1,10 300,3 700,"2,5",1 746,,,90,"73,5","1,0",11,"5,5","2,4","1,05",96
Saturday/Sobota,17.09.16,,,,,,,,,,,,,,,,,,,,,,,,,,,,,,
Sunday/Niedziela,18.09.16,227,,,42,,,,,,,,,,,,,,,,,,,,,,,,,,
Monday/Poniedziałek,19.09.16,62,329,256,69,"8,80","26,8","15,0",658,219,2 000,800,,,667,11,1,2 000,800,"0,7",457,,,32,"30,0","8,3",2,"0,0","3,9","3,11",89
Tuesday/Wtorek,20.09.16,354,324,226,38,"6,74","28,0","50,8",2236,864,6 900,1 638,,,2 667,20,1,6 900,1 638,"2,7",887,,,61,"57,0","3,8",4,"0,0","2,6","1,70",50
Wednesday/Środa,21.09.16,300,324,204,41,"5,56","27,4","56,7",2495,648,7 700,2 700,,,2 000,25,7,7 700,2 700,"2,0",1 428,,,77,"73,0","4,7",4,"0,0","22,6","13,40",66
Thursday/Czwartek,22.09.16,283,293,120,39,"6,42","26,8","45,9",2020,,6 900,2 900,,,1 333,15,2,6 900,2 900,1.333,1 247,,,52,"49,0","5,3",3,"0,0","6,1","4,60",67
Friday/Piątek,23.09.16,,329,198,37,"11,44","26,9","56,0",2466,877,7 500,2 900,,,2 667,18,1,7 500,2 900,"2,7",1 871,,,56,"52,9","2,5",3,"0,1","1,8","0,70",51
Saturday/Sobota,24.09.16,,,,,,,,,,,,,,,,,,,,,,,,,,,,,,
Sunday/Niedziela,25.09.16,,,,,,,,,,,,,,,,,,,,,,,,,,,,,,
Monday/Poniedziałek,26.09.16,261,262,273,43,"7,38","23,2","12,5",550,131,2 100,800,,,500,5,1,2 100,800,"0,5",277,,,20,"18,0","5,1",2,"0,0","2,8","2,70",88
Tuesday/Wtorek,27.09.16,459,406,221,43,"10,12","24,3","66,4",2923,541,7 200,3 900,,,1 333,20,1,7 200,3 900,"1,3",402,,,50,,"0,7",7,"0,4","2,0","2,40",116
Wednesday/Środa,28.09.16,237,240,175,49,"6,86","26,3","49,6",2184,559,9 100,4 300,,,2 333,16,2,9 100,4 300,"2,3",596,,,66,,"1,5",5,"0,8","8,2","5,52",138
Thursday/Czwartek,29.09.16,206,267,86,49,"5,60","27,7","59,5",2617,801,9 800,3 500,,,3 000,21,3,9 800,3 500,"3,0",915,,,77,"63,3","0,1",11,"2,7","11,0","7,80",75
Friday/Piątek,30.09.16,,262,131,42,"5,97","29,1","102,3",4500,2093,17 200,5 400,,,8 000,39,2,17 200,5 400,"8,0",1 552,,,150,"131,0","0,2",9,"0,0","8,9","5,60",95
Saturday/Sobota,01.10.16,,,,,,,,,,,,,,,,,,,,,,,,,,,,,,
Sunday/Niedziela,02.10.16,,,,,,,,,,,,,,,,,,,,,,,,,,,,,,
Monday/Poniedziałek,03.10.16,-41,206,75,81,"7,30","24,3","10,8",475,537,2 300,700,,,2 600,5,1,2 300,700,"2,6",317,,,22,"19,8","2,0",2,"0,7","2,6","2,43",79
Tuesday/Wtorek,04.10.16,-3,86,,52,"5,86","24,8","21,4",942,115,10 900,4 300,,,1 333,,,10 900,4 300,"1,3",,,,,,,,,,,
Wednesday/Środa,05.10.16,226,74,,41,,"24,8",,,,,,,,,,,,,,,,,,,,,,,,
Thursday/Czwartek,06.10.16,167,98,51,59,"6,62","23,8","23,5",1033,,10 500,,,,,,,10 500,,,,,,,,,,,,,
Friday/Piątek,07.10.16,,170,141,67,"7,04","24,6","34,9",1534,284,9 000,5 700,,,1 667,14,2,9 000,5 700,"1,7",1 843,,,82,"68,2","13,5",10,"3,8","11,2","6,00",204
Saturday/Sobota,08.10.16,,,,,,,,,,,,,,,,,,,,,,,,,,,,,,
Sunday/Niedziela,09.10.16,,,,,,,,,,,,,,,,,,,,,,,,,,,,,,
Monday/Poniedziałek,10.10.16,353,257,218,69,"7,34","26,2","35,6",1566,685,6 100,4 600,,,2 667,21,2,6 100,4 600,"2,7",2 550,,,80,"70,1","15,1",5,"4,9","7,5","5,00",652
Tuesday/Wtorek,11.10.16,80,180,67,80,"7,03","29,1","22,1",972,360,5 400,2 500,,,2 000,11,1,5 400,2 500,"2,0",1 178,,,62,"58,0","13,8",4,"0,0","6,1","5,20",118
Wednesday/Środa,12.10.16,-78,,121,69,"6,70","29,8",,,,5 400,2 900,,,2 000,,,5 400,2 900,"2,0",1 261,,,85,"81,0","3,3",4,"0,0","5,5","4,70",108
Thursday/Czwartek,13.10.16,-8,,110,59,"6,82","27,9",,,,5 100,2 000,,,2 000,,,7 650,2 000,"2,0",887,,,66,"65,0","1,1",1,"0,0","3,3","0,00",47
Friday/Piątek,14.10.16,,,124,59,"6,78","28,3",,,,11 050,3 700,,,3 000,,,11 050,3 700,"3,0",2 204,,,79,,"0,7",3,"0,0","2,7","3,10",131
Saturday/Sobota,15.10.16,,,,,,,,,,,,,,,,,,,,,,,,,,,,,,
Sunday/Niedziela,16.10.16,,,,,,,,,,,,,,,,,,,,,,,,,,,,,,
Monday/Poniedziałek,17.10.16,161,169,176,70,"6,60","26,2","23,4",1031,113,6 100,2 000,,,667,8,1,6 100,2 000,"0,7",1 414,,,45,"43,0","0,4",2,"0,0","4,2","3,30",74
Tuesday/Wtorek,18.10.16,274,208,181,69,"6,42","27,5","22,7",998,139,4 800,1 500,,,666,9,1,4 800,1 500,"0,7",984,,,44,"42,0","10,9",2,"0,1","5,4","3,40",101
Wednesday/Środa,19.10.16,245,193,171,77,"6,64","29,80","39,5",1737,121,9 000,,,,625,16,2,9 000,,"0,6",1 441,,,81,,"7,5",,,"7,9","2,20",
Thursday/Czwartek,20.10.16,-97,,146,83,"6,32","29,7",,,,6 900,1 900,,,500,,,6 900,1 900,"0,5",333,,,93,,"6,2",,,"5,7","2,60",
Friday/Piątek,21.10.16,,,168,71,"5,50",,,,,8 300,,,,,,,9 200,,,,,,,,,,,,,
Saturday/Sobota,22.10.16,,,,,,,,,,,,,,,,,,,,,,,,,,,,,,
Sunday/Niedziela,23.10.16,,,,,,,,,,,,,,,,,,,,,,,,,,,,,,
Monday/Poniedziałek,24.10.16,-38,,194,82,"7,67","30,1",,,,2 800,,,,666,,,2 800,,"0,7",222,,,67,"65,9","37,6",1,"0,1","4,6","4,50",
Tuesday/Wtorek,25.10.16,-12,,188,78,"6,58","30,2",,,,9 900,3 000,,,666,,,7 700,3 000,"0,7",1 220,,,85,,"10,9",,,"4,5","3,80",
Wednesday/Środa,26.10.16,69,,230,76,"6,78","30,5",,,,9 400,,,,588,,,7 700,,"0,6",347,,,113,,"19,8",,"0,0","6,4","4,10",
Thursday/Czwartek,27.10.16,-75,,265,85,"6,80","30,4",,,,7 100,2 000,,,666,,,7 150,2 000,"0,7",485,,,163,"159,0","83,9",4,"0,0","4,6","3,70",
Friday/Piątek,28.10.16,,,209,76,"7,08","31,4",,,,6 650,,,,2 667,,,6 650,,"2,7",347,,,83,"79,0","37,8",4,"0,0","3,6","3,50",
Saturday/Sobota,29.10.16,,,,,,,,,,,,,,,,,,,,,,,,,,,,,,
Sunday/Niedziela,30.10.16,,,,,,,,,,,,,,,,,,,,,,,,,,,,,,
Monday/Poniedziałek,31.10.16,,,150,96,"7,40","29,1",,,,3 800,,,,,,,6 250,,,665,,,139,"135,9","51,0",3,"0,1","5,2",,
Tuesday/Wtorek,01.11.16,,,122,,"6,34","28,9",,,,,,,,,,,,,,,,,,,,,,,,
Wednesday/Środa,02.11.16,-186,,287,89,"6,90","28,5",,,,2 000,,,,3 000,,,2 000,,"3,0",249,,,105,"104,0","55,5",1,"0,0","6,2","3,70",
Thursday/Czwartek,03.11.16,153,,288,67,"7,12","30,6",,,,6 000,,,,1 900,,,6 000,,"1,9",1 026,,,164,,"35,7",,,"5,4","3,50",
Friday/Piątek,04.11.16,,,289,85,"6,70","33,2",,,,7 900,,87,,2 950,,,7 900,,"3,0",1 358,,,205,"200,0","41,4",5,"0,0","4,0","2,90",
Saturday/Sobota,05.11.16,,,239,,"5,71","32,0",,,,,,68,,,,,,,,,,,,,,,,,,
Sunday/Niedziela,06.11.16,,,240,,"6,65","31,1",,,,,,55,,,,,,,,,,,,,,,,,,
Monday/Poniedziałek,07.11.16,463,297,223,51,"7,40","31,3","14,9",653,594,2 200,,65,"0,81",2 000,46,1,2 200,,"2,0",139,,,154,"150,5","69,5",3,"0,5","3,3","3,20",
Tuesday/Wtorek,08.11.16,242,245,246,71,"6,51","26,9","34,0",1495,564,6 100,,69,"1,05",2 333,31,2,6 100,3 900,"2,3",1 552,,,127,,"56,5",,"0,1","6,8","4,60",
Wednesday/Środa,09.11.16,236,266,149,70,"6,74","29,5","47,2",2078,1066,7 800,,75,"1,05",4 000,47,1,7 800,,"4,0",1 900,,,175,"169,9","60,4",5,"0,1","3,3","2,20",
Thursday/Czwartek,10.11.16,463,336,214,67,"6,15","29,6","91,6",4032,1680,12 000,,78,"0,86",5 000,62,1,12 000,4 800,"5,0",2 301,,,186,,"48,3",,,"4,1","1,60",
Friday/Piątek,11.11.16,323,266,234,82,"5,50","29,8",,,,,,86,"1,20",,,,,,,,,,,,,,,,,
Saturday/Sobota,12.11.16,258,305,323,88,"6,40","30,9",,,,,,82,"0,99",,,,,,,,,,,,,,,,,
Sunday/Niedziela,13.11.16,36,,,83,"6,86","31,9",,,,,,85,#DZIEL/0!,,,,,,,,,,,,,,,,,
Monday/Poniedziałek,14.11.16,346,465,302,87,"7,75","31,2","67,6",2976,2465,6 400,,87,"0,70",5 333,173,30,6 400,,"5,3",97,,,373,"358,9","81,7",12,"2,1","65,0","2,20",
Tuesday/Wtorek,15.11.16,14,,,73,"6,54","27,3","0,0",,,14 100,,75,,6 667,,,14 100,3 100,"6,7",1 594,,,284,,"50,6",,,"2,3","2,20",
Wednesday/Środa,16.11.16,557,467,263,75,"6,38","25,7","133,7",5884,2181,12 600,2 900,88,"0,70",4 667,114,12,12 600,2 900,"4,7",1 123,,,244,"235,0","39,5",9,"0,0","25,4","1,90",
Thursday/Czwartek,17.11.16,377,395,215,85,"6,08","23,4","113,1",4977,2370,12 600,2 800,89,"0,83",6 000,,,12 600,2 800,"6,0",1 303,,,,,"45,4",,,"1,2","0,90",
Friday/Piątek,18.11.16,,383,196,83,"6,00","22,9","114,9",5056,1800,13 200,3 800,91,"0,87",4 667,86,,13 200,3 800,"4,7",1 733,,,224,"217,0","19,0",7,"0,0","2,0","1,70",
Saturday/Sobota,19.11.16,-18,186,233,93,"6,13","23,7","44,8",1972,,10 600,,86,"1,71",,,,10 600,,,2 273,,,,,,,,,,
Sunday/Niedziela,20.11.16,394,270,218,69,"5,54","22,0","97,0",4266,,15 800,,76,"1,04",,,,15 800,,,2 675,,,,,,,,,,
Monday/Poniedziałek,21.11.16,395,442,341,84,"6,60","27,2","136,6",6011,2077,13 600,3 640,88,"0,73",4 667,100,1,12 550,3 640,"4,7",1 705,,,226,"220,0","75,8",6,"0,0","1,2","0,50",
Tuesday/Wtorek,22.11.16,265,314,216,78,"5,60","23,2","126,3",5558,1884,17 700,5 775,82,"0,97",6 000,54,3,15 950,5 775,"6,0",2 897,,,171,,"10,1",,,"10,4","7,60",
Wednesday/Środa,23.11.16,323,317,242,73,"5,75","23,2","83,6",3677,1268,11 600,4 183,75,"0,87",4 000,48,1,13 950,4 183,"4,0",2 079,,,151,"146,2","25,1",5,"0,0","4,3","3,30",
Thursday/Czwartek,24.11.16,187,304,225,73,"6,55","23,2","76,7",3374,912,11 100,3 868,74,"0,90",3 000,73,1,11 100,3 868,"3,0",1 649,,,241,,"71,0",,,"2,2","1,20",
Friday/Piątek,25.11.16,,276,245,60,"6,26","23,8","55,8",2456,1297,8 900,,65,"0,86",4 667,64,,8 900,,"4,7",1 635,,,231,"226,0","68,5",5,"0,0","1,1","0,00",
Saturday/Sobota,26.11.16,,,,,,,,,,,,76,,,,,,,,,,,,,,,,,,
Sunday/Niedziela,27.11.16,,189,163,,,,,,,,,81,"1,59",,,,,,,,,,,,,,,,,
Monday/Poniedziałek,28.11.16,231,378,164,85,"6,35","27,5","110,8",4876,1701,12 900,,84,"0,83",4 500,103,1,12 900,,"4,5",2 273,,,272,"267,0","93,8",5,"0,0","3,8","2,20",
Tuesday/Wtorek,29.11.16,308,277,262,68,"6,06","26,4","58,5",2576,1108,9 300,3 800,75,"1,00",4 000,61,2,9 300,3 800,"4,0",1 982,,,220,,"32,4",,,"6,2","4,80",
Wednesday/Środa,30.11.16,359,312,209,71,"5,76","24,0","86,5",3806,1248,12 200,,85,"1,00",4 000,72,5,11 650,,"4,0",1 608,,,232,"227,0","47,5",5,"0,0","14,6","13,30",
Thursday/Czwartek,01.12.16,223,262,279,77,"5,67","22,1","78,6",3458,1310,13 200,3 900,77,"1,08",5 000,61,3,12 500,3 900,"5,0",1 483,,,233,,"49,7",,,"13,0","11,10",
Friday/Piątek,02.12.16,-127,,,72,"6,53","22,9",,,,11 100,3 100,68,,4 000,,,11 100,3 100,"4,0",970,,,307,"301,0","72,4",6,"0,0","13,8","13,10",
Saturday/Sobota,03.12.16,32,109,143,57,"5,06","23,4","43,6",1918,,17 600,,60,"2,03",,,,17 600,,,,,,,,,,,,,
Sunday/Niedziela,04.12.16,-112,,,48,"5,53","23,6","0,0",,,,,42,#DZIEL/0!,,,,,,,,,,,,,,,,,
Monday/Poniedziałek,05.12.16,501,300,216,35,"5,90","22,2","110,5",4860,1410,16 200,,51,"0,63",4 667,54,37,12 500,,"4,7",3 008,,,179,,"101,3",6,"0,1","123,4","23,40",
Tuesday/Wtorek,06.12.16,506,329,205,59,"5,78","20,7","56,8",2500,658,7 600,3 168,74,"0,83",2 000,113,5,7 600,3 168,"2,0",1 220,,,344,,"44,7",,,"14,8","12,00",
Wednesday/Środa,07.12.16,52,229,207,79,"5,92","22,5","48,4",2130,687,9 300,3 903,79,"1,27",3 000,39,5,9 300,3 903,"3,0",1 552,,,171,"165,9","17,9",5,"0,1","22,1","20,70",
Thursday/Czwartek,08.12.16,,243,200,59,"5,93","22,1","81,7",3596,1288,14 800,4 953,73,"1,11",5 333,55,4,14 800,4 953,"5,3",2 439,,,227,,"27,0",,,"15,6","14,90",
Friday/Piątek,09.12.16,,,,,,,,,,,,,,,,,,,,,,,,,,,,,,
Saturday/Sobota,10.12.16,,,,,,,,,,,,,,,,,,,,,,,,,,,,,,
Sunday/Niedziela,11.12.16,,,,,,,,,,,,,,,,,,,,,,,,,,,,,,
Monday/Poniedziałek,12.12.16,226,308,198,75,"5,17","17,3","54,6",2402,400,7 800,3 833,85,"1,02",1 333,27,10,7 800,3 833,"1,3",1 247,,,89,"84,5","0,3",4,"0,5","31,0","7,10",
Tuesday/Wtorek,13.12.16,321,233,157,65,"5,36","19,6","40,2",1771,233,7 600,3 343,73,"1,16",1 000,26,7,7 600,3 343,"1,0",1 511,,,113,,"23,2",,,"29,6","28,20",
Wednesday/Środa,14.12.16,289,289,202,75,"5,68","21,0","62,4",2746,867,9 500,3 693,84,"1,07",3 000,34,3,9 500,3 693,"3,0",1 830,,,117,"108,2","13,2",5,"4,8","10,8","9,10",
Thursday/Czwartek,15.12.16,241,235,200,75,"5,53","20,1","73,7",3243,705,13 800,3 500,76,"1,20",3 000,32,7,13 800,3 500,"3,0",1 760,,,135,,"21,6",,,"28,2","27,10",
Friday/Piątek,16.12.16,249,209,192,76,"5,83","20,2","68,3",3007,835,14 400,3 920,78,"1,38",4 000,28,3,14 400,3 920,"4,0",1 857,,,134,"131,0","20,5",3,"0,0","13,1","11,70",
Saturday/Sobota,17.12.16,-14,,,81,,"20,3",,,,,,70,#DZIEL/0!,,,,,,,,,,,,,,,,,
Sunday/Niedziela,18.12.16,279,,,79,,"19,8",,,,,,94,#DZIEL/0!,,,,,,,,,,,,,,,,,
Monday/Poniedziałek,19.12.16,-72,278,278,112,"6,43","18,7","46,2",2032,139,7 300,,90,"1,20",500,30,5,7 300,,"0,5",1 386,,,107,"97,9","29,9",3,"0,1","18,8","18,00",
Tuesday/Wtorek,20.12.16,200,252,271,71,"5,48","20,2","53,8",2369,756,9 400,2 900,68,"1,00",3 000,29,5,9 400,2 900,"3,0",1 206,,,114,,"5,8",,,"19,1","17,10",
Wednesday/Środa,21.12.16,382,287,212,65,"5,54","20,6","67,8",2985,718,10 400,,73,"0,94",2 500,46,5,10 400,,"2,5",1 344,,,160,"157,0","58,0",3,"0,0","19,1","12,00",
Thursday/Czwartek,22.12.16,197,278,138,76,"5,89","21,5","86,1",3786,1114,13 600,6 100,81,"1,08",4 000,40,7,13 600,6 100,"4,0",1 774,,,144,,"20,6",6,,"26,4",,
Friday/Piątek,23.12.16,,214,59,66,"5,76","22,8","63,6",2798,748,13 100,,66,"1,14",3 500,23,3,13 100,,"3,5",2 966,,,107,"97,0","1,6",4,"0,0","15,6","10,50",
Saturday/Sobota,24.12.16,,,,,,,,,,,,,,,,,,,,,,,,,,,,,,
Sunday/Niedziela,25.12.16,,,,,,,,,,,,,,,,,,,,,,,,,,,,,,
Monday/Poniedziałek,26.12.16,,,,,,,,,,,,,,,,,,,,,,,,,,,,,,
Tuesday/Wtorek,27.12.16,,,,,,,,,,,,,,,,,,,,,,,,,,,,,,
Wednesday/Środa,28.12.16,,,,,,,,,,,,,,,,,,,,,,,,,,,,,,
Thursday/Czwartek,29.12.16,,,,,,,,,,,,,,,,,,,,,,,,,,,,,,
Friday/Piątek,30.12.16,,,,,,,,,,,,,,,,,,,,,,,,,,,,,,
Saturday/Sobota,31.12.16,,,,,,,,,,,,,,,,,,,,,,,,,,,,,,
Sunday/Niedziela,01.01.17,,,,,,,,,,,,,,,,,,,,,,,,,,,,,,
Monday/Poniedziałek,02.01.17,,,,,,,,,,,,,,,,,,,,,,,,,,,,,,
Tuesday/Wtorek,03.01.17,,,,,,,,,,,,,,,,,,,,,,,,,,,,,,
Wednesday/Środa,04.01.17,,,,,,,,,,,,,,,,,,,,,,,,,,,,,,
Thursday/Czwartek,05.01.17,,,,,,,,,,,,,,,,,,,,,,,,,,,,,,
Friday/Piątek,06.01.17,,,,,,,,,,,,,,,,,,,,,,,,,,,,,,
Saturday/Sobota,07.01.17,,,,,,,,,,,,,,,,,,,,,,,,,,,,,,
Sunday/Niedziela,08.01.17,,,,,,,,,,,,,,,,,,,,,,,,,,,,,,
Monday/Poniedziałek,09.01.17,300,295,76,41,"11,22","14,7",,,,,,58,"0,72",,,,,,,,,,,,,,,,,
Tuesday/Wtorek,10.01.17,295,296,149,42,"10,37","16,9","55,2",2427,592,8 200,4 800,54,"0,67",2 000,24,4,8 200,4 800,"2,0",97,,,81,"59,8","2,6",21,"0,2","12,5","9,50",
Wednesday/Środa,11.01.17,443,276,157,42,"11,28","18,2","65,9",2898,276,10 500,,54,"0,73",1 000,28,5,10 500,,"1,0",139,,,100,,"1,3",10,"0,4","17,3","16,50",
Thursday/Czwartek,12.01.17,281,268,143,61,"11,48","19,1","59,7",2626,268,9 800,6 600,65,"0,89",1 000,42,8,9 800,6 600,"1,0",194,,,157,,"1,6",,,"29,6",,
Friday/Piątek,13.01.17,,,,63,"10,65","17,9",,,,6 400,4 500,,,1 500,,,6 400,4 500,"1,5",201,,,167,"151,8","3,5",15,"0,2","19,0","16,60",
Saturday/Sobota,14.01.17,,,,,,,,,,,,,,,,,,,,,,,,,,,,,,
Sunday/Niedziela,15.01.17,,,,,,,,,,,,,,,,,,,,,,,,,,,,,,
Monday/Poniedziałek,16.01.17,529,336,179,37,"10,90","15,5","58,0",2554,672,7 600,,59,"0,65",2 000,26,3,7 600,,"2,0",125,,,76,,"30,6",18,,"9,4","4,90",
Tuesday/Wtorek,17.01.17,466,350,213,59,"11,30","18,5","79,5",3500,490,10 000,5 091,70,"0,74",1 428,59,17,10 000,5 091,"1,4",152,,,169,"155,5","24,5",13,"0,5","49,2","2,80",
Wednesday/Środa,18.01.17,224,339,86,73,"9,72","20,1","62,4",2746,678,8 100,7 214,78,"0,85",2 000,131,7,8 100,7 214,"2,0",388,,,387,"330,6","8,8",56,"0,4","19,5","15,70",
Thursday/Czwartek,19.01.17,230,300,62,59,"6,21","21,0","118,6",5220,2400,17 400,5 740,80,"0,99",8 000,65,20,17 400,5 740,"8,0",693,,,216,,"18,5",,,"65,2","64,60",
Friday/Piątek,20.01.17,,334,144,51,"5,94",,"101,6",4470,734,13 400,2 625,64,"0,71",2 223,54,38,13 400,2 625,"2,2",313,,,161,"151,6","29,2",9,"0,4","115,1","92,90",
Saturday/Sobota,21.01.17,,,,,,,,,,,,58,,,,,,,,,,,,,,,,,,
Sunday/Niedziela,22.01.17,,,,,,,,,,,,,,,,,,,,,,,,,,,,,,
Monday/Poniedziałek,23.01.17,600,419,176,44,"6,50","19,7","88,6",3897,712,9 300,1 843,72,"0,64",1 666,177,17,9 300,,"1,7",,,,423,"413,7","62,1",8,"1,3","41,2","34,30",
Tuesday/Wtorek,24.01.17,319,362,55,65,"5,73","19,4","120,1",5285,724,14 600,8 300,75,"0,77",2 000,98,9,14 600,8 300,"2,0",818,,,270,,"45,6",,,"25,8","25,60",
Wednesday/Środa,25.01.17,413,389,71,60,"5,90","20,8","107,0",4707,486,12 100,1 630,72,"0,68",1 250,12,17,12 100,1 630,"1,3",1 386,,,32,,"39,3",,,"43,8","43,60",
Thursday/Czwartek,26.01.17,334,348,144,63,"5,94","21,4","126,5",5568,696,16 000,9 800,71,"0,76",2 000,84,11,16 000,9 800,"2,0",1 622,,,242,,"51,4",,,"32,8","25,50",
Friday/Piątek,27.01.17,279,298,151,61,"6,20","21,8","94,7",4166,372,14 000,7 400,67,"0,83",1 250,93,15,14 000,7 400,"1,3",815,,,312,"298,2","36,8",8,"5,8","50,7","43,70",
Saturday/Sobota,28.01.17,146,209,142,59,,,,,,,,61,"1,08",,,,,,,,,,,,,,,,,
Sunday/Niedziela,29.01.17,-16,,,52,,,,,,,,47,,,,,,,,,,,,,,,,,,
Monday/Poniedziałek,30.01.17,507,407,103,50,"7,10","19,3","9,8",431,676,1 060,330,71,"0,65",1 666,43,,1 060,330,"1,7",,,,105,"97,8","39,5",7,"0,2",,"115,10",
Tuesday/Wtorek,31.01.17,229,298,221,62,"6,73","18,3","69,8",3069,373,10 300,4 600,68,"0,84",1 250,51,18,10 300,4 600,"1,3",457,,,172,,"7,4",,,"61,0","48,80",
Wednesday/Środa,01.02.17,477,391,216,54,"6,17","19,3","74,7",3286,489,8 400,4 988,69,"0,65",1 250,86,13,8 400,4 988,"1,3",333,,,221,"211,8","18,8",6,"3,2","34,3","25,70",
Thursday/Czwartek,02.02.17,321,300,228,64,"5,90","20,3","61,4",2700,375,9 000,7 079,71,"0,87",1 250,62,11,9 000,7 079,"1,3",596,,,207,,"6,3",,,"36,0","26,40",
Friday/Piątek,03.02.17,363,374,259,66,"6,55","21,3","69,8",3070,374,8 200,4 400,71,"0,71",1 000,40,6,8 200,4 400,"1,0",1 026,,,107,"94,7","5,9",9,"3,3","16,4","8,10",
Saturday/Sobota,04.02.17,-65,,,65,,,,,,,,57,,,,,,,,,,,,,,,,,,
Sunday/Niedziela,05.02.17,119,,,57,,,,,,,,64,,,,,,,,,,,,,,,,,,
Monday/Poniedziałek,06.02.17,321,408,254,71,"6,55","19,1","79,7",3509,408,8 600,6 700,81,"0,73",1 000,33,35,8 600,6 700,"1,0",638,,,82,"63,7","22,7",13,"5,3","84,9","78,50",
Tuesday/Wtorek,07.02.17,531,500,232,61,"6,57","18,9","89,8",3950,555,7 900,6 200,72,"0,53",1 112,47,13,7 900,6 200,"1,1",845,,,93,,"14,6",,,"25,9","20,50",
Wednesday/Środa,08.02.17,385,409,175,64,"5,64","19,5","66,0",2904,327,7 100,3 100,72,"0,65",834,40,17,7 100,3 100,"0,8",651,,,98,"93,8","20,5",4,"0,2","40,8","36,90",
Thursday/Czwartek,09.02.17,369,354,138,62,"5,80","19,8","77,2",3398,708,9 600,7 400,76,"0,79",2 000,53,12,9 600,7 400,"2,0",762,,,149,,"14,1",,,"34,5","28,00",
Friday/Piątek,10.02.17,,354,112,63,"5,75","19,1","72,4",3186,354,9 000,,76,"0,80",1 000,41,12,9 000,,"1,0",402,,,116,"98,5","3,3",11,"6,5","34,1","30,60",
Saturday/Sobota,11.02.17,,,,,,,,,,,,,,,,,,,,,,,,,,,,,,
Sunday/Niedziela,12.02.17,,,,,,,,,,,,,,,,,,,,,,,,,,,,,,
Monday/Poniedziałek,13.02.17,597,469,127,58,"6,54","19,7","69,3",3049,586,6 500,3 100,77,"0,60",1 250,67,22,6 500,3 100,"1,3",665,,,143,"122,1","11,6",16,"4,9","47,7","42,30",
Tuesday/Wtorek,14.02.17,338,388,150,73,"6,43","19,7","107,6",4734,388,12 200,9 500,77,"0,73",1 000,60,12,12 200,9 500,"1,0",1 483,,,154,,"1,1",,,"31,9","25,70",
Wednesday/Środa,15.02.17,490,448,168,67,"12,32","19,6","103,9",4570,403,10 200,8 400,80,"0,66",909,80,20,10 200,8 400,"0,9",707,,,178,"138,6","7,4",34,"5,4","43,6","33,60",
Thursday/Czwartek,16.02.17,409,377,150,72,"11,39","19,2","91,7",4034,452,10 700,9 000,76,"0,74",1 200,51,13,10 700,9 000,"1,2",541,,,136,"136,0","5,5",,,"35,8","35,00",
Friday/Piątek,17.02.17,,374,185,76,"10,80","20,2","76,6",3370,374,9 000,7 400,77,"0,76",1 000,79,13,9 000,7 400,"1,0",1 192,,,210,"183,9","6,8",24,"2,1","35,1","29,50",
Saturday/Sobota,18.02.17,,425,,,,,,,,,,,,,,,,,,,,,,,,,,,,
Sunday/Niedziela,19.02.17,,,,,,,,,,,,,,,,,,,,,,,,,,,,,,
Monday/Poniedziałek,20.02.17,451,436,176,68,"5,35","20,3","126,8",5581,3924,12 800,3 300,75,"0,64",9 000,41,10,12 800,3 300,"9,0",942,,,95,"89,5","22,7",5,"0,5","22,9","15,80",
Tuesday/Wtorek,21.02.17,378,451,204,70,"6,00","19,8","154,8",6813,1805,15 100,4 400,76,"0,62",4 000,60,8,15 100,4 400,"4,0",970,,,134,,"1,5",,,"16,9","12,30",
Wednesday/Środa,22.02.17,500,476,"184,0",62,"5,81","20,5","148,2",6521,1428,13 700,6 400,77,"0,60",3 000,80,34,13 700,6 400,"3,0",1 386,,,168,"162,9","31,7",5,"0,1","70,8","66,50",
Thursday/Czwartek,23.02.17,475,484,126,64,"5,80","21,1","159,5",7018,1452,14 500,6 800,83,"0,63",3 000,70,35,14 500,6 800,"3,0",1 580,,,144,,"51,3",,,"73,3","68,60",
Friday/Piątek,24.02.17,592,504,127,63,"5,61","20,7","160,4",7056,1512,14 000,7 100,86,"0,63",3 000,66,37,14 400,7 100,"3,0",1 414,,,130,"126,7","46,5",7,"0,3","74,4","71,20",
Saturday/Sobota,25.02.17,245,235,144,74,,,,,,,,80,"1,26",,,,,,,,,,,,,,,,,
Sunday/Niedziela,26.02.17,-62,,,75,,,,,,,,69,,,,,,,,,,,,,,,,,,
Monday/Poniedziałek,27.02.17,533,502,159,67,"5,94","20,0","190,5",8383,3012,16 700,6 000,85,"0,62",6 000,69,44,16 700,6 000,"6,0",1 538,,,137,"120,9","11,7",16,"6,1","87,3","85,60",
Tuesday/Wtorek,28.02.17,525,528,111,71,"5,55","19,3","206,4",9082,1056,17 200,6 800,82,"0,57",2 000,69,17,17 200,7 900,"2,0",926,,,130,,"2,8",,,"31,4","26,90",
Wednesday/Środa,01.03.17,434,480,108,71,"5,63","20,4","162,5",7152,960,14 900,8 700,83,"0,64",2 000,75,14,14 900,8 700,"2,0",1 268,,,157,"151,9","4,0",10,"1,1","28,8","21,80",
Thursday/Czwartek,02.03.17,474,493,90,65,"5,30","21,7","189,4",8332,1479,16 900,11 400,83,"0,62",3 000,94,13,16 900,11 400,"3,0",2 790,,,191,,"6,9",,,"27,1","12,60",
Friday/Piątek,03.03.17,606,521,119,63,"4,82","20,7","189,4",8333,2604,16 000,9 500,83,"0,59",5 000,70,12,16 000,9 500,"5,0",2 051,,,135,,"38,0",11,"1,7","22,7","16,30",
Saturday/Sobota,04.03.17,15,,,73,,,,,,,,74,,,,,,,,,,,,,,,,,,
Sunday/Niedziela,05.03.17,9,,,75,,,,,,,,78,,,,,,,,,,,,,,,,,,
Monday/Poniedziałek,06.03.17,304,479,176,76,"6,32","20,0","87,1",3832,479,8 000,4 800,81,"0,62",1 000,64,,8 000,4 800,"1,0",610,,,133,"112,9","34,1",28,"0,1",,"114,80",
Tuesday/Wtorek,07.03.17,515,504,142,55,"6,29","19,4","191,3",8417,2016,16 700,11 000,75,"0,55",4 000,70,46,16 700,11 000,"4,0",319,,,138,,"5,2",,,"90,5","80,10",
Wednesday/Środa,08.03.17,678,576,126,57,"5,73",,"171,5",7546,1901,13 100,7 700,84,"0,54",3 333,88,12,13 100,7 700,"3,3",748,,,153,"138,7","25,5",10,"4,3","21,2","10,60",
Thursday/Czwartek,09.03.17,567,516,142,69,"5,60","21,2","137,2",6037,310,11 700,10 400,84,"0,60",666,52,12,11 700,10 400,"0,6",238,,,101,,"22,9",,,"23,9","21,10",
Friday/Piątek,10.03.17,,442,142,75,,"21,1",,,,,,79,"0,66",,,,,5 700,,43,,,,,,,,,,
Saturday/Sobota,11.03.17,,346,,,,,,,,,,66,"0,70",,,,,,,,,,,,,,,,,
Sunday/Niedziela,12.03.17,-21,185,,,,,,,,,,65,"1,29",,,,,,,,,,,,,,,,,
Monday/Poniedziałek,13.03.17,310,144,192,77,"7,61","19,0","43,2",1901,965,13 200,13 000,79,"2,02",6 677,13,4,13 200,13 000,"6,7",832,,,90,"62,4","39,8",23,"4,6","26,3","25,20",
Tuesday/Wtorek,14.03.17,481,543,127,53,"5,74","20,9","182,6",8036,453,14 800,12 500,82,"0,56",834,75,18,14 800,12 500,"0,8",241,,,138,,"6,8",,,"33,5","19,10",
Wednesday/Środa,15.03.17,582,498,176,72,"5,34","20,9","122,2",5378,171,10 800,9 500,85,"0,63",344,,20,10 800,9 500,"0,3",3 909,,,,,"32,5",14,"2,8","40,2","26,10",
Thursday/Czwartek,16.03.17,596,512,125,65,"6,27","22,4","147,8",6502,2714,12 700,9 200,86,"0,62",5 300,56,25,12 700,9 200,"5,3",2 495,,,109,,"17,4",,,"48,4","33,30",
Friday/Piątek,17.03.17,,449,103,75,"7,14","22,0","117,3",5161,2513,11 500,5 700,82,"0,68",5 555,46,10,11 500,5 700,"5,6",818,,,103,"96,8","11,3",6,"0,2","21,5","13,00",
Saturday/Sobota,18.03.17,,,,,,,,,,,,,,,,,,,,,,,,,,,,,,
Sunday/Niedziela,19.03.17,,,,,,,,,,,,,,,,,,,,,,,,,,,,,,
Monday/Poniedziałek,20.03.17,443,503,132,75,"6,81","20,5","99,5",4376,151,8 700,5 700,89,"0,65",278,32,12,8 700,5 700,"0,3",42,,,64,,"4,5",,"4,1","23,0","18,60",
Tuesday/Wtorek,21.03.17,577,524,141,68,"7,21","20,5","102,4",4506,262,8 600,7 000,95,"0,67",500,63,14,8 600,7 000,"0,5",1 012,,,121,,"4,3",,,"26,7","11,80",
Wednesday/Środa,22.03.17,516,532,126,74,"6,03","21,0","169,3",7448,213,14 000,12 500,88,"0,61",400,44,19,14 000,12 500,"0,4",1 940,,,82,"74,5","21,3",3,"4,5","35,0","22,80",
Thursday/Czwartek,23.03.17,609,550,119,72,"5,75","21,4","178,6",7859,165,14 300,6 700,94,"0,63",333,24,14,14 300,6 700,"0,3",693,,,43,,"1,8",,,"25,5","15,50",
Friday/Piątek,24.03.17,331,430,120,79,"5,38","22,1","82,0",3609,537,8 400,6 200,88,"0,76",1 250,81,9,8 400,6 200,"1,3",1 234,,,188,"187,4","107,4",0,"0,6","21,1","7,90",
Saturday/Sobota,25.03.17,251,360,74,68,,,,,,,,52,"0,53",,,,,,,,,,,,,,,,,
Sunday/Niedziela,26.03.17,286,,,55,,,,,,,,65,,,,,,,,,,,,,,,,,,
Monday/Poniedziałek,27.03.17,185,451,179,88,"5,06","21,6","81,0",3564,451,7 900,5 900,82,"0,67",1 000,33,8,7 900,5 900,"1,0",55,,,74,"53,1","16,1",17,"3,9","16,8","13,50",
Tuesday/Wtorek,28.03.17,441,454,158,57,"6,42","21,6","101,1",4449,681,9 800,6 100,65,"0,53",1 500,61,13,9 800,6 100,"1,5",125,,,135,,"3,1",,,"28,4","19,00",
Wednesday/Środa,29.03.17,584,555,137,56,"6,30","22,7","135,0",5939,555,10 700,9 500,77,"0,51",1 000,58,15,10 700,9 500,"1,0",845,,,105,"97,4","23,5",1,"6,6","26,7","26,00",
Thursday/Czwartek,30.03.17,498,509,142,59,"5,93","21,9","113,3",4986,318,9 800,6 800,77,"0,56",625,114,11,9 800,6 800,"0,6",1 206,,,224,,"23,1",,,"22,5","16,60",
Friday/Piątek,31.03.17,462,504,164,58,"5,55","23,6","85,9",3780,504,7 500,5 700,76,"0,56",1 000,93,8,7 500,5 700,"1,0",349,,,184,"172,1","55,7",10,"1,9","16,8","16,20",
Saturday/Sobota,01.04.17,374,353,110,53,,"23,5",,,,,,50,"0,53",,,,,,,,,,,,,,,,,
Sunday/Niedziela,02.04.17,-50,,,55,,"23,4",,,,,,60,,,,,,,,,,,,,,,,,,
Monday/Poniedziałek,03.04.17,607,487,143,50,"6,27","22,0","117,4",5164,365,10 600,4 000,68,"0,51",750,101,46,10 600,4 000,"0,8",402,,,207,"194,8","7,3",12,"0,8","94,1","14,70",
Tuesday/Wtorek,04.04.17,381,454,175,64,"6,28","21,9","86,7",3814,454,8 400,6 000,76,"0,62",1 000,53,8,8 400,6 000,"1,0",333,,,116,,"3,5",,,"18,3","9,70",
Wednesday/Środa,05.04.17,565,519,171,55,"5,32","23,8","113,2",4982,830,9 600,6 800,,,1 600,92,10,9 600,6 800,"1,6",768,,,177,"170,6","32,5",6,"0,4","20,0","8,30",
Thursday/Czwartek,06.04.17,654,564,134,60,"6,14","24,3","137,2",6035,846,10 700,9 300,84,"0,55",1 500,89,15,10 700,9 300,"1,5",956,,,158,,"86,2",,,"27,2","12,70",
Friday/Piątek,07.04.17,346,470,139,71,"5,49","23,2","120,8",5316,706,11 300,6 100,75,"0,59",1 500,41,5,11 300,6 100,"1,5",1 518,,,88,,"12,6",4,"1,7","11,3","4,50",
Saturday/Sobota,08.04.17,278,362,110,56,,"22,6",,,,,,52,"0,53",,,,,,,,,,,,,,,,,
Sunday/Niedziela,09.04.17,-44,,,47,,"23,4",,,,,,,,,,,,,,,,,,,,,,,,
Monday/Poniedziałek,10.04.17,532,473,143,41,"6,06","20,6","89,2",3924,631,8 300,5 200,65,"0,50",1 334,48,14,8 300,5 200,"1,3",499,,,101,"97,5","2,1",,"0,5","30,4","23,90",
Tuesday/Wtorek,11.04.17,608,517,109,48,"5,95","20,3","179,8",7910,827,15 300,10 700,75,"0,54",1 600,35,17,15 300,10 700,"1,6",1 053,,,68,,"1,6",,,"32,0","29,20",
Wednesday/Środa,12.04.17,578,542,138,59,"5,86","22,9","162,6",7154,678,13 200,6 800,79,"0,54",1 250,10,17,13 200,6 800,"1,3",1 220,,,19,"13,4","3,4",10,"2,2","32,0","17,30",
Thursday/Czwartek,13.04.17,533,528,113,63,"6,15","22,7","110,4",4858,754,9 200,7 000,87,"0,61",1 428,19,7,9 200,7 000,"1,4",347,,,36,,"1,5",,,"13,9","12,30",
Friday/Piątek,14.04.17,418,518,142,64,"5,00","22,3","97,7",4299,648,8 300,7 200,75,"0,53",1 250,37,13,8 300,7 200,"1,3",998,,,71,"60,2","2,8",10,"0,8","25,1","10,20",
Saturday/Sobota,15.04.17,-40,,,52,,"22,4",,,,,,47,,,,,,,,,,,,,,,,,,
Sunday/Niedziela,16.04.17,-9,,,47,,"22,9",,,,,,47,,,,,,,,,,,,,,,,,,
Monday/Poniedziałek,17.04.17,257,156,72,46,,"21,3",,,,,,50,"1,18",,,,,,,,,,,,,,,,,
Tuesday/Wtorek,18.04.17,498,466,142,58,"10,77","20,9","148,1",6518,621,14 000,12 200,79,"0,63",1 333,28,13,14 000,12 200,"1,3",511,,,60,"28,5","4,1",29,"1,5","28,9","9,10",
Wednesday/Środa,19.04.17,557,507,105,62,"11,40","20,0","137,1",6033,1268,11 900,8 200,85,"0,62",2 500,54,4,11 900,8 200,"2,5",374,,,107,"89,8","2,0",17,"0,2","8,1",,
Thursday/Czwartek,20.04.17,432,497,106,68,"11,17","20,7","119,7",5266,331,10 600,8 100,82,"0,61",666,63,5,10 600,8 100,"0,7",527,,,127,,"2,6",,,"9,6","8,90",
Friday/Piątek,21.04.17,470,499,142,60,,"21,8","115,7",5092,874,10 200,9 100,79,"0,59",1 750,161,19,10 200,9 100,"1,8",1 663,,,323,"294,0","6,1",28,"1,0","37,4","13,40",
Saturday/Sobota,22.04.17,224,,,57,,"21,5",,,,,,59,,,,,,,,,,,,,,,,,,
Sunday/Niedziela,23.04.17,-227,,,83,,"21,5",,,,,,84,,,,,,,,,,,,,,,,,,
Monday/Poniedziałek,24.04.17,410,413,128,56,"8,58","21,2","159,5",7018,660,17 000,14 900,69,"0,61",1 600,34,14,17 000,14 900,"1,6",499,,,82,"47,7","9,8",33,"1,3","33,3","28,20",
Tuesday/Wtorek,25.04.17,452,456,155,56,"11,58","20,9","107,8",4742,342,10 400,8 700,75,"0,61",750,65,10,10 400,8 700,"0,8",610,,,143,,"6,0",,,"22,7","19,60",
Wednesday/Środa,26.04.17,547,502,161,56,"9,17","21,4","117,4",5166,418,10 300,8 500,71,"0,52",834,103,14,10 300,8 500,"0,8",1 317,,,206,"198,5","5,6",17,"1,9","27,7","19,40",
Thursday/Czwartek,27.04.17,424,438,156,61,"6,87","22,0","104,5",4599,365,10 500,8 200,69,"0,58",833,123,15,10 500,8 200,"0,8",1 026,,,281,,"15,9",,,"34,1","27,10",
Friday/Piątek,28.04.17,,,160,59,"5,52","22,0",,,,11 800,9 200,70,,834,,,11 800,9 200,"0,8",568,,,151,"142,2","56,6",8,"0,8","28,5","25,60",
Saturday/Sobota,29.04.17,,350,,,,,,,,,,,,,,,,,,,,,,,,,,,,
Sunday/Niedziela,30.04.17,,142,,,,,,,,,,,,,,,,,,,,,,,,,,,,
Monday/Poniedziałek,01.05.17,133,473,151,96,,,,,,,,76,"0,59",,,,,,,,,,,,,,,,,
Tuesday/Wtorek,02.05.17,523,482,126,56,"5,55",,"138,1",6078,,12 600,9 800,70,"0,54",,45,10,12 600,9 800,,1 067,,,94,,"3,7",,,"21,5","17,50",
Wednesday/Środa,03.05.17,389,497,73,61,"4,98",,"99,4",4372,,8 800,5 100,59,"0,44",,,,8 800,5 100,,,,,,,,,,,,
Thursday/Czwartek,04.05.17,572,499,106,48,"7,14",,"118,0",5192,749,10 400,9 500,70,"0,52",1 500,54,16,10 400,9 500,"1,5",305,,,108,,"3,4",,,"31,1","21,70",
Friday/Piątek,05.05.17,,470,120,56,"8,70",,"106,9",4704,753,10 000,8 200,76,"0,60",1 600,42,10,10 000,8 200,"1,6",721,,,90,"63,1","7,3",25,"1,9","22,0","12,60",
Saturday/Sobota,06.05.17,,314,,,,,,,,,,,,,,,,,,,,,,,,,,,,
Sunday/Niedziela,07.05.17,,,,,,,,,,,,,,,,,,,,,,,,,,,,,,
Monday/Poniedziałek,08.05.17,539,487,157,41,"6,76",,"74,2",3264,122,6 700,4 000,65,"0,49",250,35,,6 700,4 000,"0,3",610,,,71,"43,2","2,6",27,"0,8",,"9,60",
Tuesday/Wtorek,09.05.17,519,433,120,47,"6,21",,"84,6",3724,346,8 600,6 900,76,"0,65",800,34,7,8 600,6 900,"0,8",541,,,79,,"1,6",,,"17,1","11,60",
Wednesday/Środa,10.05.17,667,499,109,58,"6,41","21,7","155,4",6839,1123,13 700,9 800,85,"0,63",2 250,73,12,13 700,9 800,"2,3",1 857,,,147,,"3,2",11,"1,3","24,5","16,60",
Thursday/Czwartek,11.05.17,339,463,113,77,"5,26",,"143,1",6297,1158,13 600,8 900,87,"0,69",2 500,64,13,13 600,8 900,"2,5",2 079,,,138,,"51,2",,,"27,5","15,90",
Friday/Piątek,12.05.17,,427,56,63,"5,55",,"144,7",6365,2029,14 900,8 400,87,"0,76",4 750,68,10,14 900,8 400,"4,8",1 968,,,159,"137,1","49,1",21,"0,9","23,2","15,80",
Saturday/Sobota,13.05.17,,,,,,,,,,,,,,,,,,,,,,,,,,,,,,
Sunday/Niedziela,14.05.17,,,,,,,,,,,,,,,,,,,,,,,,,,,,,,
Monday/Poniedziałek,15.05.17,513,452,101,61,"5,09","22,9","97,6",4294,1055,9 500,4 400,81,"0,66",2 333,41,8,9 500,4 400,"2,3",272,,,90,"71,9","31,2",18,"0,1","17,3","9,70",
Tuesday/Wtorek,16.05.17,367,419,93,68,"6,13","22,3","96,2",4232,140,10 100,7 100,89,"0,79",333,,15,10 100,7 100,"0,3",610,,,,,"44,9",,,"35,6","26,30",
Wednesday/Środa,17.05.17,754,533,65,62,"6,00","23,6","98,1",4316,666,8 100,7 500,93,"0,65",1 250,130,17,8 100,7 500,"1,3",347,,,244,,"2,7",7,"0,5","31,7","2,12",
Thursday/Czwartek,18.05.17,344,444,54,88,"5,66",,"81,7",3596,,8 100,6 800,96,"0,80",,,,8 100,6 800,,1 046,,,,,"1,5",,,,,
Friday/Piątek,19.05.17,,449,85,77,"5,70",,"165,2",7271,192,16 200,7 200,82,"0,67",428,181,8,16 200,7 200,"0,4",665,,,404,"397,5","3,4",1,"6,0","17,5","6,20",
Saturday/Sobota,20.05.17,,,,,,,,,,,,59,,,,,,,,,,,,,,,,,,
Sunday/Niedziela,21.05.17,,,,,,,,,,,,72,,,,,,,,,,,,,,,,,,
Monday/Poniedziałek,22.05.17,441,430,121,52,"6,17",,"122,0",5370,573,12 500,5 700,68,"0,59",1 333,35,,12 500,5 700,"1,3",624,,,81,"73,6","14,5",7,"0,4",,"10,50",
Tuesday/Wtorek,23.05.17,655,478,156,53,"6,19",,"102,0",4489,573,9 400,6 100,77,"0,60",1 200,30,11,9 400,6 100,"1,2",222,,,62,,"3,0",,,"22,5","10,90",
Wednesday/Środa,24.05.17,473,533,113,74,"6,40",,"179,2",7885,2797,14 800,6 700,84,"0,59",5 250,53,7,14 800,6 700,"5,3",1 150,,,99,"91,8","1,6",7,"0,2","13,6","6,50",
Thursday/Czwartek,25.05.17,438,455,95,67,"4,90",,"167,5",7371,2366,16 200,5 300,69,"0,56",5 200,58,7,16 200,5 300,"5,2",887,,,127,,"3,6",,,"15,7","12,00",
Friday/Piątek,26.05.17,,391,96,65,"5,20",,"140,5",6181,2191,15 800,6 600,78,"0,73",5 600,53,4,15 800,6 600,"5,6",1 109,,,136,"121,9","1,5",14,"0,1","9,8","4,00",
Saturday/Sobota,27.05.17,,,,,,,,,,,,,,,,,,,,,,,,,,,,,,
Sunday/Niedziela,28.05.17,,,,,,,,,,,,,,,,,,,,,,,,,,,,,,
Monday/Poniedziałek,29.05.17,508,463,115,55,"5,36",,"106,3",4678,1235,10 100,6 000,75,"0,60",2 666,57,13,10 100,6 000,"2,7",444,,,124,"82,9","17,9",41,"0,1","27,0","16,40",
Tuesday/Wtorek,30.05.17,549,489,103,60,"5,83","25,4","197,8",8704,3056,17 800,6 100,75,"0,57",6 250,56,6,17 800,6 100,"6,3",762,,,115,,"2,0",,,"11,7","6,50",
Wednesday/Środa,31.05.17,612,598,72,67,,"25,1","126,3",5558,149,9 300,5 400,85,"0,53",250,60,9,9 300,5 400,"0,3",139,,,100,"95,7","63,5",4,"0,3","15,2","7,20",
Thursday/Czwartek,01.06.17,574,574,102,69,,"25,0","106,9",4704,,8 200,7 000,92,"0,59",,81,10,8 200,7 000,,485,,,142,,"49,7",,,"18,1","6,10",
Friday/Piątek,02.06.17,,538,102,69,,"25,9",,,,,,85,"0,58",,,,,,,,,,,,,,,,,
Saturday/Sobota,03.06.17,,,,,,,,,,,,,,,,,,,,,,,,,,,,,,
Sunday/Niedziela,04.06.17,,,,,,,,,,,,,,,,,,,,,,,,,,,,,,
Monday/Poniedziałek,05.06.17,776,694,147,63,"5,88","25,2","135,6",5965,3295,8 600,3 500,77,"0,41",4 750,39,11,8 600,3 500,"4,8",1 497,,,56,"9,9","14,0",3,"0,1","16,3","9,80",
Tuesday/Wtorek,06.06.17,874,727,113,73,,"27,5",,,,,,89,"0,45",,,,,,,,,,,,,,,,,
Wednesday/Środa,07.06.17,398,605,113,90,,"27,0",,,,,,90,"0,55",,,,,,,,,,,,,,,,,
Thursday/Czwartek,08.06.17,651,547,53,66,"6,07","28,4","109,4",4815,2955,8 800,4 200,77,"0,52",5 400,62,11,8 800,4 200,"5,4",1 765,,,114,,"0,8",,,"20,1","11,80",
Friday/Piątek,09.06.17,,540,92,78,"4,97","27,7","168,1",7398,2565,13 700,8 000,84,"0,57",4 750,13,7,13 700,8 000,"4,8",568,,,24,"3,5","0,8",20,"0,5","12,9","8,14",
Saturday/Sobota,10.06.17,,,,,,,,,,,,,,,,,,,,,,,,,,,,,,
Sunday/Niedziela,11.06.17,,,,,,,,,,,,,,,,,,,,,,,,,,,,,,
Monday/Poniedziałek,12.06.17,552,504,145,55,,"27,1","79,0",3478,,6 900,2 700,59,"0,44",,,,6 900,2 700,,,,,,,,,,,,
Tuesday/Wtorek,13.06.17,609,588,128,61,,"27,4","139,0",6115,2548,10 400,3 200,68,"0,43",4 333,116,8,10 400,3 200,"4,3",1 358,,,198,,"7,4",,,"13,8","10,49",
Wednesday/Środa,14.06.17,612,564,107,63,,"27,2","143,6",6317,423,11 200,4 400,75,"0,49",750,168,17,11 200,4 400,"0,8",596,,,297,"286,7","3,1",9,"1,3","29,7","20,00",
Thursday/Czwartek,15.06.17,402,552,77,69,,"28,1",,,,,,60,"0,40",,,,,,,,,,,,,,,,,
Friday/Piątek,16.06.17,464,480,93,51,"5,70","27,8","148,4",6528,840,13 600,6 400,68,"0,52",1 750,50,17,13 600,6 400,"1,8",513,,,105,"96,9","1,6",7,"1,4","34,8","15,40",
Saturday/Sobota,17.06.17,134,,,49,,"28,8",,,,,,63,,,,,,,,,,,,,,,,,,
Sunday/Niedziela,18.06.17,-130,,,65,,"28,8",,,,,,69,,,,,,,,,,,,,,,,,,
Monday/Poniedziałek,19.06.17,606,540,169,50,"7,03","26,1","81,0",3564,,6 600,3 100,65,"0,44",750,69,7,6 600,3 100,"0,8",305,,,127,,"41,5",13,"2,2","13,1","9,20",
Tuesday/Wtorek,20.06.17,665,583,247,58,"5,06","29,9",,,,10 500,9 000,75,"0,47",2 000,,,10 500,9 000,"2,0",596,,,165,,"15,2",,,"46,3","28,80",
Wednesday/Środa,21.06.17,495,551,241,67,"5,96","31,2",,,,8 800,4 500,74,"0,50",4 333,,,8 800,4 500,"4,3",236,,,119,,"36,9",9,"0,5","36,0","19,60",
Thursday/Czwartek,22.06.17,586,590,240,61,"5,70","29,5",,,,11 400,6 200,73,"0,46",3 300,,,11 400,6 200,"3,3",1 691,,,172,,"29,2",,,"25,3","19,70",
Friday/Piątek,23.06.17,304,427,155,60,"5,90","30,6",,,,10 900,5 300,65,"0,56",4 500,,,10 900,5 300,"4,5",735,,,87,"85,4","23,8",1,"0,6","28,1","17,90",
Saturday/Sobota,24.06.17,315,,,46,,"29,7",,,,,,63,,,,,,,,,,,,,,,,,,
Sunday/Niedziela,25.06.17,0,200,78,83,,"31,0",,,,,,85,"1,57",,,,,,,,,,,,,,,,,
Monday/Poniedziałek,26.06.17,411,473,184,59,"7,00","29,7",,,,3 400,2 700,65,"0,51",2 000,,,3 400,2 700,"2,0",180,,,142,"140,3","97,2",1,"0,7","12,6","8,60",
Tuesday/Wtorek,27.06.17,,523,156,52,"5,44","29,5",,,,7 800,3 600,69,"0,49",2 000,,,7 800,3 600,"2,0",1 247,,,153,,"5,6",,,"16,5","10,45",
Wednesday/Środa,21.06.17,,,,,"5,24",,,,,14 467,6 866,,,,,,8 078,5 132,,,,,,,,,,,,
Thursday/Czwartek,22.06.17,,,,,"5,25",,,,,14 522,6 891,,,,,,8 064,5 151,,,,,,,,,,,,
