Monday/Poniedziałek,30.11.15,"7,06",,,,2 500,,#N/D,18,"0,30",,,,,
Tuesday/Wtorek,01.12.15,,,,,,,#N/D,,#N/D,,,,,
Wednesday/Środa,02.12.15,"7,01",,819,723,1 300,975,"0,75",22,"0,37",,,,,
Thursday/Czwartek,03.12.15,"7,11",,1 092,746,1 600,,#N/D,24,"0,40",,,,,
Friday/Piątek,04.12.15,"7,15",,,119,1 300,,#N/D,29,"0,48",,,,,
Saturday/Sobota,05.12.15,,,,,,,#N/D,,#N/D,,,,,
Sunday/Niedziela,06.12.15,,,,,,,#N/D,,#N/D,,,,,
Monday/Poniedziałek,07.12.15,"7,20",,2 600,110,2 000,,#N/D,17,"0,28",,,,,
Tuesday/Wtorek,08.12.15,"7,02",,2 900,115,2 000,,#N/D,32,"0,53",,,,,
Wednesday/Środa,09.12.15,"6,79",,3 000,,2 000,,#N/D,26,"0,43",,,,,
Thursday/Czwartek,10.12.15,"7,17",,7 600,,2 500,,#N/D,42,"0,70",,181,27,60,5
Friday/Piątek,11.12.15,"6,99",,3 700,,2 200,,#N/D,30,"0,50",,,,,
Saturday/Sobota,12.12.15,,,,,,,#N/D,12,"0,20",,,,,
Sunday/Niedziela,13.12.15,,,,,,,#N/D,,#N/D,,,,,
Monday/Poniedziałek,14.12.15,"7,09",,,,2 100,,#N/D,21,"0,35",,,,,
Tuesday/Wtorek,15.12.15,"7,38",,,,,,#N/D,24,"0,40",,,,,
Wednesday/Środa,16.12.15,,,,,,,#N/D,,#N/D,,,,,
Thursday/Czwartek,17.12.15,"6,79",,3 500,,1 500,,#N/D,54,"0,90",,,,,
Friday/Piątek,18.12.15,"6,92",,,,1 800,,#N/D,29,"0,48",,,,,
Saturday/Sobota,19.12.15,,,,,2 500,,#N/D,,#N/D,,,,,
Sunday/Niedziela,20.12.15,,,,,,,#N/D,,#N/D,,,,,
Monday/Poniedziałek,21.12.15,"7,03",,,,2 700,,#N/D,19,"0,32",,,,,
Tuesday/Wtorek,22.12.15,,,,,2 200,,#N/D,,#N/D,,,,,
Wednesday/Środa,23.12.15,"6,87",,,,2 500,,#N/D,26,"0,43",,,,,
Thursday/Czwartek,24.12.15,"6,84",,,,3 500,,#N/D,,#N/D,,,,,
Friday/Piątek,25.12.15,,,,,,,#N/D,,#N/D,,,,,
Saturday/Sobota,26.12.15,,,,,,,#N/D,,#N/D,,,,,
Sunday/Niedziela,27.12.15,,,,,,,#N/D,,#N/D,,,,,
Monday/Poniedziałek,28.12.15,"6,84",,,,2 600,,#N/D,32,"0,53",,,,,
Tuesday/Wtorek,29.12.15,"6,86",,,,2 550,,#N/D,30,"0,50",,,,,
Wednesday/Środa,30.12.15,"6,82",,,,2 400,,#N/D,57,"0,95",,,,,
Thursday/Czwartek,31.12.15,,,,,,,#N/D,,#N/D,,,,,
Friday/Piątek,01.01.16,,,,,,,#N/D,,#N/D,,,,,
Saturday/Sobota,02.01.16,,,,,,,#N/D,,#N/D,,,,,
Sunday/Niedziela,03.01.16,,,,,,,#N/D,,#N/D,,,,,
Monday/Poniedziałek,04.01.16,"6,97",,,,3 000,,#N/D,32,"0,53",,,,,
Tuesday/Wtorek,05.01.16,"6,87",,,,3 000,,#N/D,30,"0,50",,,,,
Wednesday/Środa,06.01.16,,,,,,,#N/D,,#N/D,,,,,
Thursday/Czwartek,07.01.16,"6,56",,4 300,,3 000,,#N/D,46,"0,77",,38,32,10,10
Friday/Piątek,08.01.16,"6,48",,,,2 500,,#N/D,36,"0,60",,,,,
Saturday/Sobota,09.01.16,,,,,,,#N/D,,#N/D,,,,,
Sunday/Niedziela,10.01.16,,,,,,,#N/D,,#N/D,,,,,
Monday/Poniedziałek,11.01.16,"7,07",,,,2 500,,#N/D,22,"0,37",,,,,
Tuesday/Wtorek,12.01.16,"6,87",,,,"2 500,0",,#N/D,87,,,,,8,
Wednesday/Środa,13.01.16,"7,06",,5 000,,3 000,,#N/D,37,"0,62",,25,22,9,8
Thursday/Czwartek,14.01.16,"7,00",,,,3 000,,#N/D,39,"0,65",,,,,
Friday/Piątek,15.01.16,"6,91",,,,3 000,,#N/D,54,"0,90",,,,,
Saturday/Sobota,16.01.16,,,,,,,#N/D,,#N/D,,,,,
Sunday/Niedziela,17.01.16,,,,,,,#N/D,,#N/D,,,,,
Monday/Poniedziałek,18.01.16,"6,99",,,,3 000,,#N/D,44,"0,73",,,,,
Tuesday/Wtorek,19.01.16,"6,98",,7 100,,2 500,,#N/D,30,"0,50",,21,11,7,7
Wednesday/Środa,20.01.16,"6,87",,2 700,,2 600,,#N/D,43,"0,72",,215,9,8,7
Thursday/Czwartek,21.01.16,"6,88",,5 200,,2 600,,#N/D,90,"1,50",,230,8,8,7
Friday/Piątek,22.01.16,,,,,,,#N/D,,#N/D,,,,,
Saturday/Sobota,23.01.16,,,,,,,#N/D,,#N/D,,,,,
Sunday/Niedziela,24.01.16,,,,,,,#N/D,,#N/D,,,,,
Monday/Poniedziałek,25.01.16,"7,14",,4 100,340,2 600,,#N/D,40,"0,67",,9,5,8,8
Tuesday/Wtorek,26.01.16,"6,86",,3 600,175,1 820,,#N/D,53,"0,88",,170,3,8,7
Wednesday/Środa,27.01.16,"6,96",,3 400,,2 270,,#N/D,54,"0,90",,,1,,6
Thursday/Czwartek,28.01.16,"6,70","36,3",5 400,,3 200,,#N/D,57,"0,95",,,4,,8
Friday/Piątek,29.01.16,"6,85","35,9",4 700,,2 950,,#N/D,54,"0,90",,245,5,,8
Saturday/Sobota,30.01.16,,,,,,,#N/D,,#N/D,,,,,
Sunday/Niedziela,31.01.16,,,,,,,#N/D,,#N/D,,,,,
Monday/Poniedziałek,01.02.16,"6,94","36,8",5 500,240,3 333,,#N/D,32,"0,53",,214,4,8,7
Tuesday/Wtorek,02.02.16,"6,83","35,7",5 000,,3 333,,#N/D,91,"1,52",,,1,,
Wednesday/Środa,03.02.16,"6,74","36,3",4 200,,3 555,,#N/D,105,"1,75",,,0,,
Thursday/Czwartek,04.02.16,"7,05","35,9",6 000,,2 730,,#N/D,186,"3,10",,,1,,
Friday/Piątek,05.02.16,"6,85","35,6",4 588,,2 900,,#N/D,292,"4,86",,,0,,
Saturday/Sobota,06.02.16,"7,04","36,5",,,,,#N/D,,#N/D,,,,,
Sunday/Niedziela,07.02.16,"7,13","36,9",,,,,#N/D,,#N/D,,,,,
Monday/Poniedziałek,08.02.16,"7,14","37,4",4 641,241,3 500,,#N/D,67,"1,12",,210,4,,
Tuesday/Wtorek,09.02.16,"7,08","36,1",4 658,,3 200,,#N/D,62,"1,03",,,,,
Wednesday/Środa,10.02.16,"6,91","35,0",5 221,589,3 200,,#N/D,248,"4,13",,197,0,,
Thursday/Czwartek,11.02.16,"6,79","35,4",4 480,478,3 000,,#N/D,237,"3,95",,,0,,
Friday/Piątek,12.02.16,"6,90","36,4",4 008,,3 000,,#N/D,49,"0,82",,,7,,4
Saturday/Sobota,13.02.16,"6,90","35,0",,,2 000,,#N/D,190,"3,16",,,,,
Sunday/Niedziela,14.02.16,"6,91","35,0",,,,,#N/D,,#N/D,,,,,
Monday/Poniedziałek,15.02.16,"7,01","35,8",4 741,352,2 730,,#N/D,91,"1,52",,176,4,6,
Tuesday/Wtorek,16.02.16,"6,88","34,5",5 014,,3 040,,#N/D,67,"1,12",,,2,,6
Wednesday/Środa,17.02.16,"6,91","35,1",5 133,,2 500,,#N/D,175,"2,91",,,0,,5
Thursday/Czwartek,18.02.16,"6,89","35,2",4 589,,3 600,,#N/D,263,"4,38",,,0,,2
Friday/Piątek,19.02.16,"7,20","35,4",5 100,,3 860,,#N/D,130,"2,16",,173,0,,1
Saturday/Sobota,20.02.16,"7,06","35,1",,,,,#N/D,,#N/D,,,,,
Sunday/Niedziela,21.02.16,"7,01","34,6",,,,,#N/D,,#N/D,,,,,
Monday/Poniedziałek,22.02.16,"7,08","34,8",4 988,182,4 600,,#N/D,29,"0,48",,,0,2,1
Tuesday/Wtorek,23.02.16,"6,92","34,0",5 513,,4 100,,#N/D,73,"1,22",,,0,,1
Wednesday/Środa,24.02.16,"6,96","34,6",4 996,,4 200,3 096,"0,74",87,"1,45",,,0,,0
Thursday/Czwartek,25.02.16,"6,95","34,5",5 661,,4 400,,#N/D,161,"2,68",,,,,1
Friday/Piątek,26.02.16,"6,79","33,1",5 845,,5 800,,#N/D,328,"5,46",,,,,
Saturday/Sobota,27.02.16,"6,93","33,9",,,,,#N/D,,#N/D,,,,,
Sunday/Niedziela,28.02.16,"6,96","34,3",,,,,#N/D,,#N/D,,,,,
Monday/Poniedziałek,29.02.16,"7,15","34,9",5 985,,4 800,,#N/D,182,"3,03",,142,,2,1
Tuesday/Wtorek,01.03.16,"7,53","34,5",5 600,,4 100,,#N/D,184,"3,06",,,,,1
Wednesday/Środa,02.03.16,"7,07","34,4",5 723,,4 800,,#N/D,209,"3,48",,,,,
Thursday/Czwartek,03.03.16,"7,05","34,3",6 195,,5 160,,#N/D,388,"6,46",,,,,1
Friday/Piątek,04.03.16,"7,33","34,6",7 341,,5 800,,#N/D,463,"7,71","148,00",150,,,1
Saturday/Sobota,05.03.16,,"35,0",,,,,#N/D,,#N/D,,,,,
Sunday/Niedziela,06.03.16,,"35,1",,,,,#N/D,,#N/D,,,,,
Monday/Poniedziałek,07.03.16,"7,20","35,1",,,7 000,,#N/D,173,"2,88","126,00",150,,3,
Tuesday/Wtorek,08.03.16,"7,60","34,3",5 900,,7 300,,#N/D,103,"1,71","110,40",,,,
Wednesday/Środa,09.03.16,"7,24","30,9",6 204,,7 200,,#N/D,111,"1,85","104,00",,,,
Thursday/Czwartek,10.03.16,"7,10","31,2",5 507,,7 100,,#N/D,101,"1,68","114,40",,,,
Friday/Piątek,11.03.16,"6,95","34,6",5 368,,7 800,,#N/D,60,"1,00","108,00",183,,,
Saturday/Sobota,12.03.16,"7,00","35,1",,,,,#N/D,,#N/D,,,,,
Sunday/Niedziela,13.03.16,"6,94","34,3",,,,,#N/D,,#N/D,,,,,
Monday/Poniedziałek,14.03.16,"6,90","35,5",6 500,,8 000,,#N/D,22,"0,37",,212,,,
Tuesday/Wtorek,15.03.16,"6,90","34,5",7 000,,8 500,,#N/D,30,"0,50",,,,,
Wednesday/Środa,16.03.16,"6,92","34,2",6 100,,8 823,4 396,"0,50",,#N/D,,,,,
Thursday/Czwartek,17.03.16,"6,93","34,2",7 800,,,,#N/D,175,"2,91",,,,1,0
Friday/Piątek,18.03.16,"7,15","34,3",9 100,372,7 500,,#N/D,121,"2,01","88,40",,,,
Saturday/Sobota,19.03.16,,"34,3",,,,,#N/D,,#N/D,,,,,
Sunday/Niedziela,20.03.16,,,,,,,#N/D,,#N/D,,,,,
Monday/Poniedziałek,21.03.16,"6,91","35,2",6 200,200,7 500,,#N/D,26,"0,43",,,,2,
Tuesday/Wtorek,22.03.16,"7,07","35,0",6 200,149,9 500,,#N/D,17,"0,28","66,00",,,,
Wednesday/Środa,23.03.16,"7,08","34,4",5 200,308,7 500,,#N/D,107,"1,78",,,,,
Thursday/Czwartek,24.03.16,"6,96","34,6",5 495,203,8 000,,#N/D,57,"0,95","72,00",,,,
Friday/Piątek,25.03.16,"6,98","34,8",5 303,196,9 300,4 300,"0,46",39,"0,65","78,00",,,,
Saturday/Sobota,26.03.16,"6,97","35,2",,,,,#N/D,,#N/D,,,,,
Sunday/Niedziela,27.03.16,"7,00","35,4",,,,,#N/D,,#N/D,,,,,
Monday/Poniedziałek,28.03.16,"7,04","36,1",,,,,#N/D,,#N/D,,,,,
Tuesday/Wtorek,29.03.16,"7,03","36,3",7 420,121,10 000,,#N/D,8,"0,13","86,00",189,5,3,2
Wednesday/Środa,30.03.16,"6,96","34,0",5 100,152,10 000,,#N/D,22,"0,37","84,00",,3,,2
Thursday/Czwartek,31.03.16,"7,01","34,2",6 700,250,9 500,,#N/D,55,"0,92","80,00",,0,,1
Friday/Piątek,01.04.16,"7,01","35,0",6 400,172,9 000,,#N/D,21,"0,35","83,20",270,0,,2
Saturday/Sobota,02.04.16,"6,99","35,0",,,,,#N/D,,#N/D,,,,,
Sunday/Niedziela,03.04.16,,"30,3",,,,,#N/D,,#N/D,,,,,
Monday/Poniedziałek,04.04.16,"7,25","35,7",6 600,144,9 000,,#N/D,51,"0,85",,,2,,3
Tuesday/Wtorek,05.04.16,"7,08","34,6",6 600,207,8 000,,#N/D,50,"0,83",,262,0,,2
Wednesday/Środa,06.04.16,"7,17","34,8",6 600,175,7 500,,#N/D,32,"0,53",,,0,,3
Thursday/Czwartek,07.04.16,"7,14","34,7",6 400,177,8 000,,#N/D,29,"0,48",,213,0,,3
Friday/Piątek,08.04.16,"6,98","34,9",6 500,159,8 000,,#N/D,24,"0,40",,,0,,3
Saturday/Sobota,09.04.16,,"34,6",,,,,#N/D,,#N/D,,,,,
Sunday/Niedziela,10.04.16,,"33,7",,,,,#N/D,,#N/D,,,,,
Monday/Poniedziałek,11.04.16,"7,08","34,6",6 200,158,8 000,,#N/D,25,"0,42","94,00",,2,,4
Tuesday/Wtorek,12.04.16,"7,02","34,7",6 000,151,7 500,,#N/D,28,"0,47",,382,4,,4
Wednesday/Środa,13.04.16,"6,97","35,2",5 800,133,7 500,,#N/D,6,"0,10","101,00",,4,4,3
Thursday/Czwartek,14.04.16,"6,96","34,8",5 700,,7 500,,#N/D,11,"0,18","92,00",268,3,,4
Friday/Piątek,15.04.16,,"34,9",,,,,#N/D,,#N/D,,,,,
Saturday/Sobota,16.04.16,,"35,0",,,,,#N/D,,#N/D,,,,,
Sunday/Niedziela,17.04.16,,"35,0",,,,,#N/D,,#N/D,,,,,
Monday/Poniedziałek,18.04.16,,"35,2",5 700,,7 500,,#N/D,,#N/D,"105,00",,,,
Tuesday/Wtorek,19.04.16,,"35,0",5 900,,7 000,,#N/D,,"0,40","175,00",,,,
Wednesday/Środa,20.04.16,,"34,9",6 200,,7 500,4 496,"0,60",30,"0,50","175,00",,,,
Thursday/Czwartek,21.04.16,,"35,2",6 200,,7 500,,#N/D,21,"0,35","175,00",,,,
Friday/Piątek,22.04.16,,"35,2",6 100,,7 500,,#N/D,19,"0,32","150,00",,,,
Saturday/Sobota,23.04.16,,"35,0",6 300,,7 500,,#N/D,,"0,38","175,00",,,,
Sunday/Niedziela,24.04.16,,"34,0",,,,,#N/D,,#N/D,,,,,
Monday/Poniedziałek,25.04.16,,"35,1",6 900,,7 000,,#N/D,15,"0,25","175,00",,,,
Tuesday/Wtorek,26.04.16,,"35,3",6 000,,7 000,,#N/D,19,"0,32","175,00",,,,
Wednesday/Środa,27.04.16,,"35,3",,,,,#N/D,,#N/D,,,,,
Thursday/Czwartek,28.04.16,,"35,1",,,,,#N/D,,#N/D,,,,,
Friday/Piątek,29.04.16,"7,03","34,6",7 000,189,6 500,,#N/D,57,"0,95",,,0,,5
Saturday/Sobota,30.04.16,,"34,2",,,,,#N/D,,#N/D,,,,,
Sunday/Niedziela,01.05.16,,,,,,,#N/D,,#N/D,,,,,
Monday/Poniedziałek,02.05.16,,"34,7",,,,,#N/D,,#N/D,,,,,
Tuesday/Wtorek,03.05.16,,"34,6",,,,,#N/D,,#N/D,,,,,
Wednesday/Środa,04.05.16,"7,03","34,0",6 800,142,8 500,,#N/D,18,"0,30","175,00",370,4,7,6
Thursday/Czwartek,05.05.16,"7,05",,6 900,,8 000,,#N/D,36,"0,60",,,2,,6
Friday/Piątek,06.05.16,"7,16","34,7",7 100,,8 000,,#N/D,21,"0,35","225,00",362,1,,6
Saturday/Sobota,07.05.16,,"34,8",,,,,#N/D,,#N/D,,,,,
Sunday/Niedziela,08.05.16,,,,,,,#N/D,,#N/D,,,,,
Monday/Poniedziałek,09.05.16,"7,18","35,8",7 100,,9 000,,#N/D,37,"0,62",,,7,,0
Tuesday/Wtorek,10.05.16,"7,08",,6 800,,8 500,,#N/D,19,"0,32","300,00",322,8,,7
Wednesday/Środa,11.05.16,"7,13",,6 600,119,8 500,,#N/D,10,"0,17","285,00",,9,7,6
Thursday/Czwartek,12.05.16,"7,09","34,9",6 600,,9 000,,#N/D,25,"0,42","245,00",311,8,,6
Friday/Piątek,13.05.16,"7,07",,6 200,,7 667,,#N/D,27,"0,45",,,7,7,7
Saturday/Sobota,14.05.16,,,,,,,#N/D,,#N/D,,,,,
Sunday/Niedziela,15.05.16,,,,,,,#N/D,,#N/D,,,,,
Monday/Poniedziałek,16.05.16,"7,07","33,7",6 200,,9 000,,#N/D,147,"2,45","195,00",265,15,,9
Tuesday/Wtorek,17.05.16,"7,07","33,5",5 000,,7 000,,#N/D,49,"0,82",,,18,,7
Wednesday/Środa,18.05.16,"7,04","34,8",5 800,178,7 500,,#N/D,36,"0,60",,24,20,4,7
Thursday/Czwartek,19.05.16,"7,10","35,1",6 200,235,,,#N/D,58,"0,97",,,20,,8
Friday/Piątek,20.05.16,"7,23","35,0",5 900,1 565,7 000,,#N/D,36,"0,60",,,19,,7
Saturday/Sobota,21.05.16,,"35,5",,,,,#N/D,,#N/D,,,,,
Sunday/Niedziela,22.05.16,,,,,,,#N/D,,#N/D,,,,,
Monday/Poniedziałek,23.05.16,"7,08","36,0",5 500,,7 500,,#N/D,22,"0,37",,,25,,7
Tuesday/Wtorek,24.05.16,"7,06","35,9",5 300,,7 000,,#N/D,17,"0,28",,302,24,,8
Wednesday/Środa,25.05.16,"7,01",,5 400,158,7 000,,#N/D,53,"0,88","270,00",,24,8,7
Thursday/Czwartek,26.05.16,"7,04",,5 000,,6 500,,#N/D,46,"0,77",,257,23,,8
Friday/Piątek,27.05.16,"7,01",,5 000,,6 500,,#N/D,54,"0,90",,,22,,8
Saturday/Sobota,28.05.16,,,,,,,#N/D,,#N/D,,,,,
Sunday/Niedziela,29.05.16,,,,,,,#N/D,,#N/D,,,,,
Monday/Poniedziałek,30.05.16,"6,98","36,3",3 900,148,4 000,,#N/D,42,"0,70",,,23,,10
Tuesday/Wtorek,31.05.16,"6,98","36,0",5 000,,5 500,,#N/D,39,"0,65","200,00",256,23,,
Wednesday/Środa,01.06.16,"7,11","36,0",3 800,,5 568,2 942,"0,53",94,"1,57",,,22,8,7
Thursday/Czwartek,02.06.16,"7,09","35,7",4 600,,,,#N/D,159,"2,65",,,24,,8
Friday/Piątek,03.06.16,,,,,,,#N/D,,#N/D,,,,,
Saturday/Sobota,04.06.16,,,,,,,#N/D,,#N/D,,,,,
Sunday/Niedziela,05.06.16,,,,,,,#N/D,,#N/D,,,,,
Monday/Poniedziałek,06.06.16,"7,05","34,9",4 300,,5 000,,#N/D,209,"3,48",,,32,,10
Tuesday/Wtorek,07.06.16,"7,16","35,7",4 200,,4 500,,#N/D,193,"3,21",,220,33,,10
Wednesday/Środa,08.06.16,"7,19","35,7",4 100,476,4 500,,#N/D,194,"3,23",285,,32,,9
Thursday/Czwartek,09.06.16,"7,00","35,4",4 200,,4 500,,#N/D,291,"4,85",250,213,29,9,9
Friday/Piątek,10.06.16,,,4 200,,5 000,,#N/D,326,"5,43",,,,,8
Saturday/Sobota,11.06.16,,,,,,,#N/D,,#N/D,,,,,
Sunday/Niedziela,12.06.16,,,,,,,#N/D,,#N/D,,,,,
Monday/Poniedziałek,13.06.16,"7,11","36,1",4 400,,4 500,,#N/D,416,"6,93",,,28,,12
Tuesday/Wtorek,14.06.16,"7,20","35,6",4 000,,4 500,,#N/D,292,"4,86","285,00",219,29,,10
Wednesday/Środa,15.06.16,"7,10","37,1",4 500,,4 500,,#N/D,233,"3,88",,,26,10,10
Thursday/Czwartek,16.06.16,"7,12","36,1",4 100,,4 500,,#N/D,208,"3,46","240,00",216,24,,9
Friday/Piątek,17.06.16,"7,05","35,6",4 000,,4 500,,#N/D,180,"3,00",,,0,,9
Saturday/Sobota,18.06.16,"7,06","35,9",,,,,,,,,,,,
Sunday/Niedziela,19.06.16,"7,16","37,1",,,,,#N/D,,#N/D,,,,,
Monday/Poniedziałek,20.06.16,"7,21","38,0",,,3 982,2 432,"0,61",,#N/D,,,,,
Tuesday/Wtorek,21.06.16,"7,28","37,5",,,,,#N/D,,#N/D,,,,,
Wednesday/Środa,22.06.16,"7,23","36,8",3 600,,4 000,,#REF!,50,"0,83",,195,20,17,10
Thursday/Czwartek,23.06.16,"7,77","35,9",3 000,,3 000,,#N/D,96,"1,60",,,28,10,10
Friday/Piątek,24.06.16,"7,22","35,6",4200,,4500,,#N/D,270,"4,50",,217,30,11,8
Saturday/Sobota,25.06.16,,,,,,,#N/D,,#N/D,,,,,
Sunday/Niedziela,26.06.16,,,,,,,#N/D,,#N/D,,,,,
Monday/Poniedziałek,27.06.16,"7,07","34,9",4 600,480,8 000,,#N/D,452,"7,53",,189,31,12,10
Tuesday/Wtorek,28.06.16,"7,21","34,9",3 900,,3 500,,#N/D,373,"6,21",,,30,,10
Wednesday/Środa,29.06.16,"7,14","35,0",5 300,,4 000,,#N/D,272,"4,53",,,26,,10
Thursday/Czwartek,30.06.16,"7,19","35,3",4 700,,4 500,,#N/D,158,"2,63","215,00",208,21,,8
Friday/Piątek,01.07.16,,,,,,,#N/D,,#N/D,,,,,
Saturday/Sobota,02.07.16,,,,,,,#N/D,,#N/D,,,,,
Sunday/Niedziela,03.07.16,,,,,,,#N/D,,#N/D,,,,,
Monday/Poniedziałek,04.07.16,,,,,,,#N/D,,#N/D,,,,,
Tuesday/Wtorek,05.07.16,,,,,,,#N/D,,#N/D,,,,,
Wednesday/Środa,06.07.16,"7,07","34,3",4 100,126,5 500,,#N/D,29,"0,48",,250,41,,11
Thursday/Czwartek,07.07.16,"7,05","37,5",3 600,,4 000,,#N/D,57,"0,95",,,36,12,11
Friday/Piątek,08.07.16,"7,11","35,2",3 700,,4 000,,#N/D,78,"1,30","205,00",231,37,,11
Saturday/Sobota,09.07.16,,,,,,,#N/D,,#N/D,,,,,
Sunday/Niedziela,10.07.16,,,,,,,#N/D,,#N/D,,,,,
Monday/Poniedziałek,11.07.16,,,,,,,#N/D,,#N/D,,,,,
Tuesday/Wtorek,12.07.16,"7,07","35,1",4 100,,5 000,,#N/D,90,"1,50",,208,44,,12
Wednesday/Środa,13.07.16,"7,06","34,9",4 400,,4 000,,#N/D,89,"1,48",,,42,12,11
Thursday/Czwartek,14.07.16,"7,12","34,7",4 500,,4 500,,#N/D,155,"2,58","205,00",248,37,,12
Friday/Piątek,15.07.16,"7,06","34,5",4 400,,4 000,,#N/D,121,"2,01",,,32,,10
Saturday/Sobota,16.07.16,,,,,,,#N/D,,#N/D,,,,,
Sunday/Niedziela,17.07.16,,,,,,,#N/D,,#N/D,,,,,
Monday/Poniedziałek,18.07.16,"7,05","35,0",3 800,,5 000,,#N/D,67,"1,12",,,30,,11
Tuesday/Wtorek,19.07.16,"7,05","34,8",4 100,,4 000,,#N/D,86,"1,43",,213,32,,12
Wednesday/Środa,20.07.16,"6,94","34,7",4 100,,3 500,,#N/D,186,"3,10",,,31,,11
Thursday/Czwartek,21.07.16,"6,97","34,7",4 000,,3 500,,#N/D,223,"3,71",,175,26,8,7
Friday/Piątek,22.07.16,"6,86","34,9",4 600,,4 000,,#N/D,403,"6,71",,,36,,12
Saturday/Sobota,23.07.16,,,,,,,#N/D,,#N/D,,,,,
Sunday/Niedziela,24.07.16,,,,,,,#N/D,,#N/D,,,,,
Monday/Poniedziałek,25.07.16,"6,94","35,1",1 200,,3 500,,#N/D,600,"9,99",,,40,,11
Tuesday/Wtorek,26.07.16,"7,10","35,6",3 900,,,,#N/D,499,"8,31",,214,40,6,14
Wednesday/Środa,27.07.16,"7,07","35,6",2 800,,2 424,1 684,"0,69",342,"5,69",,,42,,14
Thursday/Czwartek,28.07.16,"7,23","35,7",4 000,,,,#N/D,291,"4,85","145,00",198,42,,14
Friday/Piątek,29.07.16,"7,23","35,4",4 100,,2 754,1 980,"0,72",247,"4,11",,,43,,12
Saturday/Sobota,30.07.16,"7,33","35,3",,,3 500,,#N/D,218,"3,63",,,,,
Sunday/Niedziela,31.07.16,,,,,,,#N/D,,#N/D,,,,,
Monday/Poniedziałek,01.08.16,"7,22",,3 800,,4 000,,#N/D,197,"3,28",,222,41,,12
Tuesday/Wtorek,02.08.16,"7,24","35,0",3 500,,3 500,,#N/D,109,"1,81",,,40,,11
Wednesday/Środa,03.08.16,"7,08","34,8",3 800,,4 500,,#N/D,111,"1,85",,102,,11,9
Thursday/Czwartek,04.08.16,"7,07","35,0",4 100,,4 000,,#N/D,114,"1,90","165,00",,,,9
Friday/Piątek,05.08.16,,,,,,,#N/D,,#N/D,,,,,
Saturday/Sobota,06.08.16,,,,,,,#N/D,,#N/D,,,,,
Sunday/Niedziela,07.08.16,,,,,,,#N/D,,#N/D,,,,,
Monday/Poniedziałek,08.08.16,"7,27",,3 700,,3 500,,#N/D,29,"0,48","175,00",,,,6
Tuesday/Wtorek,09.08.16,"7,12","35,4",2 730,,4 000,,#N/D,47,"0,78",,,,,
Wednesday/Środa,10.08.16,"7,21",,3 700,,4 404,2 778,"0,63",53,"0,88",,,,,
Thursday/Czwartek,11.08.16,"7,35",,4 200,,5 000,,#N/D,4,"0,07",,,,,
Friday/Piątek,12.08.16,"7,28",,3 400,,3 000,,#N/D,44,"0,73",,,,,
Saturday/Sobota,13.08.16,,,,,,,#N/D,,#N/D,,,,,
Sunday/Niedziela,14.08.16,,,,,,,#N/D,,#N/D,,,,,
Monday/Poniedziałek,15.08.16,,,,,,,#N/D,,#N/D,,,,,
Tuesday/Wtorek,16.08.16,"7,22","35,6",5 100,,5 000,,#N/D,50,"0,83","150,00",,15,,6
Wednesday/Środa,17.08.16,"7,20","35,6",3 800,257,3 250,,#N/D,79,"1,32",,177,15,7,7
Thursday/Czwartek,18.08.16,"7,26","35,5",4 000,,3 500,,#N/D,105,"1,75",,,15,,6
Friday/Piątek,19.08.16,"7,24","35,5",5 000,,5 000,,#N/D,141,"2,35","100,00",,11,,5
Saturday/Sobota,20.08.16,,,,,,,#N/D,,#N/D,,,,,
Sunday/Niedziela,21.08.16,,,,,,,#N/D,,#N/D,,,,,
Monday/Poniedziałek,22.08.16,"7,27",,4 900,,5 000,,#N/D,62,"1,03","220,00",,8,,5
Tuesday/Wtorek,23.08.16,"7,32",,4 600,,5 430,,#N/D,50,"0,83",,56,6,,4
Wednesday/Środa,24.08.16,"7,30",,4 200,,4 500,,#N/D,125,"2,08",,,6,5,5
Thursday/Czwartek,25.08.16,"7,23",,4 200,,4 500,,#N/D,61,"1,02",,211,5,,4
Friday/Piątek,26.08.16,"7,33",,4 300,,5 000,,#N/D,82,"1,37","110,00",,6,,4
Saturday/Sobota,27.08.16,,,,,,,#N/D,,#N/D,,,,,
Sunday/Niedziela,28.08.16,,,,,,,#N/D,,#N/D,,,,,
Monday/Poniedziałek,29.08.16,"7,33",,4 900,"130,00",5 500,,#N/D,42,"0,70",,,18,,6
Tuesday/Wtorek,30.08.16,"7,15","34,9",4 900,,5 000,,#N/D,86,"1,43",,246,21,,7
Wednesday/Środa,31.08.16,"7,14",,4 900,,4 000,,#N/D,134,"2,23",,,17,8,7
Thursday/Czwartek,01.09.16,,,,,,,#N/D,,#N/D,,,,,
Friday/Piątek,02.09.16,"7,16",,4 500,,5 000,,#N/D,190,"3,16",,,17,,8
Saturday/Sobota,03.09.16,,,,,,,#N/D,,#N/D,,,,,
Sunday/Niedziela,04.09.16,,,,,,,#N/D,,#N/D,,,,,
Monday/Poniedziałek,05.09.16,"7,32",,4 800,,4 500,,#N/D,61,"1,02",,,25,,10
Tuesday/Wtorek,06.09.16,"7,19",,4 000,,4 000,,#N/D,71,"1,18","215,00",226,30,,9
Wednesday/Środa,07.09.16,"7,06",,4 800,,3 000,,#N/D,272,"4,53",,,27,11,0
Thursday/Czwartek,08.09.16,"7,05",,5 300,,5 500,,#N/D,413,"6,88","175,00",268,28,,12
Friday/Piątek,09.09.16,"7,07",,5 200,,4 000,,#N/D,387,"6,44",,,29,,10
Saturday/Sobota,10.09.16,,,,,,,#N/D,,#N/D,,,,,
Sunday/Niedziela,11.09.16,,,,,,,#N/D,,#N/D,,,,,
Monday/Poniedziałek,12.09.16,"7,44",,4 800,,4 500,,#N/D,40,"0,67",,,29,,9
Tuesday/Wtorek,13.09.16,"7,20",,5 000,,3 500,,#N/D,184,"3,06","215,00",261,27,,6
Wednesday/Środa,14.09.16,"7,20",,4 800,,4 500,,#N/D,118,"1,96",,,21,9,7
Thursday/Czwartek,15.09.16,"7,29",,4 900,,4 000,,#N/D,137,"2,28",,254,26,,7
Friday/Piątek,16.09.16,"7,30",,4 600,,4 000,,#N/D,180,"3,00","200,00",,31,,10
Saturday/Sobota,17.09.16,,,,,,,#N/D,,#N/D,,,,,
Sunday/Niedziela,18.09.16,,,,,,,#N/D,,#N/D,,,,,
Monday/Poniedziałek,19.09.16,"7,49",,4 600,,4 500,,#N/D,29,"0,48",,,39,,13
Tuesday/Wtorek,20.09.16,"7,34",,4 100,,3 500,,#N/D,65,"1,08",,236,,,9
Wednesday/Środa,21.09.16,"7,31",,4 000,,3 500,,#N/D,62,"1,03","165,00",,45,9,9
Thursday/Czwartek,22.09.16,"7,26",,3 800,,3 500,,#N/D,100,"1,67",,230,46,,9
Friday/Piątek,23.09.16,"7,26",,4 300,,4 500,,#N/D,60,"1,00","240,00",,44,,6
Saturday/Sobota,24.09.16,,,,,,,#N/D,,#N/D,,,,,
Sunday/Niedziela,25.09.16,,,,,,,#N/D,,#N/D,,,,,
Monday/Poniedziałek,26.09.16,"7,37",,3 400,,3 000,,#N/D,21,"0,35",,207,25,,7
Tuesday/Wtorek,27.09.16,"7,02",,3 700,,4 000,,#N/D,71,"1,18","140,00",233,25,,3
Wednesday/Środa,28.09.16,"6,95",,5 500,,4 500,,#N/D,158,"2,63",,,16,4,4
Thursday/Czwartek,29.09.16,"6,91",,5 900,,4 500,,#N/D,204,"3,40",,,10,,3
Friday/Piątek,30.09.16,"7,04",,4 600,,4 500,,#N/D,50,"0,83","145,00",,10,,3
Saturday/Sobota,01.10.16,,,,,,,#N/D,,#N/D,,,,,
Sunday/Niedziela,02.10.16,,,,,,,#N/D,,#N/D,,,,,
Monday/Poniedziałek,03.10.16,"7,21","35,8",4 600,,6 000,,#N/D,21,"0,35",,,12,,6
Tuesday/Wtorek,04.10.16,"7,03","36,8",4 500,,5 500,,#N/D,14,"0,23",,224,13,6,4
Wednesday/Środa,05.10.16,,"37,7",,,,,#N/D,,#N/D,,,,,
Thursday/Czwartek,06.10.16,"7,11","36,9",4 600,,4 500,,#N/D,25,"0,42","165,00",291,19,7,7
Friday/Piątek,07.10.16,"7,09","36,0",6 200,,4 000,,#N/D,24,"0,40",,,19,,6
Saturday/Sobota,08.10.16,,,,,,,#N/D,,#N/D,,,,,
Sunday/Niedziela,09.10.16,,,,,,,#N/D,,#N/D,,,,,
Monday/Poniedziałek,10.10.16,"7,14","35,1",4 500,,4 000,,#N/D,91,"1,52",,,19,,7
Tuesday/Wtorek,11.10.16,"7,23","35,1",4 500,,4 000,,#N/D,98,"1,63",,230,19,7,7
Wednesday/Środa,12.10.16,"7,16","34,6",5 600,"614,00",5 333,,#N/D,240,"4,00",,,21,,7
Thursday/Czwartek,13.10.16,"7,31","35,6",4 800,,6 500,,#N/D,26,"0,43","145,00",75,28,5,5
Friday/Piątek,14.10.16,"7,30","35,3",4 300,,6 333,,#N/D,15,"0,25","170,00",,31,,6
Saturday/Sobota,15.10.16,,,,,,,#N/D,,#N/D,,,,,
Sunday/Niedziela,16.10.16,,,,,,,#N/D,,#N/D,,,,,
Monday/Poniedziałek,17.10.16,"7,26","34,7",4 000,,7 000,,#N/D,8,"0,13",,211,0,4,4
Tuesday/Wtorek,18.10.16,"7,30","34,9",6 200,<1000,7 000,,#N/D,36,"0,60","130,00",,44,7,6
Wednesday/Środa,19.10.16,"7,33","35,3",6 600,,7 000,,#N/D,8,"0,13","125,00",284,47,7,6
Thursday/Czwartek,20.10.16,"7,34","36,1",7 100,,6 000,,#N/D,1,"0,02","185,00",,44,,5
Friday/Piątek,21.10.16,,,,,,,#N/D,,#N/D,,,,,
Saturday/Sobota,22.10.16,,,,,,,#N/D,,#N/D,,,,,
Sunday/Niedziela,23.10.16,,,,,,,#N/D,,#N/D,,,,,
Monday/Poniedziałek,24.10.16,"7,34","38,8",6 800,,7 936,"4 524,00","0,57",15,"0,25","205,00",,65,,6
Tuesday/Wtorek,25.10.16,"7,32","36,8",9 400,,7 900,,#N/D,35,"0,58",,271,56,,6
Wednesday/Środa,26.10.16,"7,32","36,8",8 800,,7 500,,#N/D,10,"0,17","220,00",,57,,
Thursday/Czwartek,27.10.16,"7,36","36,8",4 200,,8 300,,#N/D,18,"0,30",,204,57,,7
Friday/Piątek,28.10.16,"7,31","36,8",5 600,,8 000,,#N/D,30,"0,50",,,59,,5
Saturday/Sobota,29.10.16,,,,,,,#N/D,,#N/D,,,,,
Sunday/Niedziela,30.10.16,,,,,,,#N/D,,#N/D,,,,,
Monday/Poniedziałek,31.10.16,"7,38","36,8",7 100,,10 500,,#N/D,6,"0,10",,,86,,
Tuesday/Wtorek,01.11.16,,,,,,,#N/D,,#N/D,,,,,
Wednesday/Środa,02.11.16,"7,38","36,8",7 900,"200,00",10 250,,#N/D,33,"0,55",,424,80,5,
Thursday/Czwartek,03.11.16,"7,24","36,5",6 300,,8 050,,#N/D,12,"0,20",,,79,,5
Friday/Piątek,04.11.16,"7,36","36,8",6 100,"110,00",8 550,,#N/D,10,"0,17",,354,78,,5
Saturday/Sobota,05.11.16,,,,,,,#N/D,,#N/D,,,,,
Sunday/Niedziela,06.11.16,,,,,,,#N/D,,#N/D,,,,,
Monday/Poniedziałek,07.11.16,"7,40","36,1",6 100,,8 500,,#N/D,30,"0,50",,,91,,7
Tuesday/Wtorek,08.11.16,"7,20","36,3",5 900,,8 500,,#N/D,11,"0,18",,411,91,,6
Wednesday/Środa,09.11.16,"7,37","36,5",5 700,147,8 500,,#N/D,18,"0,30",,,86,6,6
Thursday/Czwartek,10.11.16,"7,43","36,6",5 600,,7 500,,#N/D,17,"0,28",,362,91,,6
Friday/Piątek,11.11.16,,,,,,,#N/D,,#N/D,,,,,
Saturday/Sobota,12.11.16,,,,,,,#N/D,,#N/D,,,,,
Sunday/Niedziela,13.11.16,,,,,,,#N/D,,#N/D,,,,,
Monday/Poniedziałek,14.11.16,"7,45",,6 100,,10 500,,#N/D,30,"0,50",,,109,,5
Tuesday/Wtorek,15.11.16,"7,31","35,7",3 900,,8 500,,#N/D,29,"0,48","390,00",323,117,,3
Wednesday/Środa,16.11.16,"7,30","35,2",3 800,165,9 333,,#N/D,36,"0,60",,,118,11,3
Thursday/Czwartek,17.11.16,"7,28","35,3",6 100,179,7 333,,#N/D,28,"0,47","180,00",,116,,3
Friday/Piątek,18.11.16,"7,3",35,5 871,,7 333,,#N/D,"17,00","0,28",250,,121,,3
Saturday/Sobota,19.11.16,"7,32","35,4",7 300,,7 333,,#N/D,40,"0,67",,,,,
Sunday/Niedziela,20.11.16,"7,24",,5 700,,8 667,,#N/D,18,"0,30",,,,,
Monday/Poniedziałek,21.11.16,"7,28","35,3",6 458,130,8 333,,#N/D,30,"0,50","275,00",,112,,2
Tuesday/Wtorek,22.11.16,"7,13","34,5",6 668,,7 000,,#N/D,94,"1,57",,,148,,2
Wednesday/Środa,23.11.16,"7,21","35,1",6 388,247,7 000,,#N/D,72,"1,20","230,00",356,138,4,3
Thursday/Czwartek,24.11.16,"7,30","35,1",5 600,,6 667,,#N/D,25,"0,42",,425,148,,3
Friday/Piątek,25.11.16,"7,35","35,0",6 055,137,6 500,,#N/D,40,"0,67","220,00",,157,,2
Saturday/Sobota,26.11.16,"7,20",,,,6 000,,#N/D,,#N/D,,,,,
Sunday/Niedziela,27.11.16,,,,,6 000,,#N/D,,#N/D,,,,,
Monday/Poniedziałek,28.11.16,"7,29","35,7",5 800,,6 000,,#N/D,18,"0,30","260,00",,112,,2
Tuesday/Wtorek,29.11.16,"7,27","35,4",5 600,,6 250,,#N/D,35,"0,58",,428,160,,3
Wednesday/Środa,30.11.16,"7,27","34,9",5 500,165,6 000,,#N/D,37,"0,62","300,00",,152,5,4
Thursday/Czwartek,01.12.16,"7,24","34,9",6 800,,6 500,,#N/D,25,"0,42",,449,169,,4
Friday/Piątek,02.12.16,"7,35",,5 100,123,6 000,,#N/D,17,"0,28","240,00",,154,,4
Saturday/Sobota,03.12.16,"7,28",,,,6 500,,#N/D,,#N/D,,,,,
Sunday/Niedziela,04.12.16,,"35,7",,,6 500,,#N/D,,#N/D,,,,,
Monday/Poniedziałek,05.12.16,"7,30","36,1",6 300,,5 500,4 235,"0,77",36,"0,60",,,111,,8
Tuesday/Wtorek,06.12.16,"7,26","35,1",4 200,,6 000,4 620,"0,77",17,"0,28","275,00",486,166,,9
Wednesday/Środa,07.12.16,"7,28",,5 500,252,6 000,4 620,"0,77",24,"0,40",,481,158,11,11
Thursday/Czwartek,08.12.16,"7,29","35,1",5 800,,6 000,4 620,"0,77",17,"0,28","210,00",420,158,,11
Friday/Piątek,09.12.16,,,,,,,#N/D,,#N/D,,,,,
Saturday/Sobota,10.12.16,,,,,,,#N/D,,#N/D,,,,,
Sunday/Niedziela,11.12.16,,,,,,,#N/D,,#N/D,,,,,
Monday/Poniedziałek,12.12.16,"7,31","34,0",4 700,,5 000,3 850,"0,77",8,"0,13","230,00",,146,,13
Tuesday/Wtorek,13.12.16,"7,29","33,4",5 900,,4 500,3 465,"0,77",36,"0,60",,,127,,11
Wednesday/Środa,14.12.16,"7,23",,4 300,193,5 000,3 650,"0,73",54,"0,90","250,00",333,125,13,12
Thursday/Czwartek,15.12.16,"7,22","34,5",4 700,,5 000,3 650,"0,73",11,"0,18",,378,120,,12
Friday/Piątek,16.12.16,"7,25",,5 000,166,5 000,3 650,"0,73",42,"0,70","330,00",,108,9,14
Saturday/Sobota,17.12.16,,,,,,,#N/D,,#N/D,,,,,
Sunday/Niedziela,18.12.16,,,,,,,#N/D,,#N/D,,,,,
Monday/Poniedziałek,19.12.16,"7,38","36,0",4 800,,4 000,2 920,"0,73",43,"0,72","225,00",,100,,16
Tuesday/Wtorek,20.12.16,"7,34","34,2",4 700,,4 500,3 285,"0,73",7,"0,12",,342,106,,15
Wednesday/Środa,21.12.16,"7,32","34,1",4 500,200,4 500,3 285,"0,73",21,"0,35","225,00",,115,16,12
Thursday/Czwartek,22.12.16,"7,30","34,7",6 800,,5 000,3 650,"0,73",26,"0,43",,312,105,,16
Friday/Piątek,23.12.16,"7,29","35,4",6 000,112,5 000,3 650,"0,73",11,"0,18","250,00",,97,,16
Saturday/Sobota,24.12.16,,,,,,,#N/D,,#N/D,,,,,
Sunday/Niedziela,25.12.16,,,,,,,#N/D,,#N/D,,,,,
Monday/Poniedziałek,26.12.16,,,,,,,#N/D,,#N/D,,,,,
Tuesday/Wtorek,27.12.16,,,,,,,#N/D,,#N/D,,,,,
Wednesday/Środa,28.12.16,,,,,,,#N/D,,#N/D,,,,,
Thursday/Czwartek,29.12.16,,,,,,,#N/D,,#N/D,,,,,
Friday/Piątek,30.12.16,,,,,,,#N/D,,#N/D,,,,,
Saturday/Sobota,31.12.16,,,,,,,#N/D,,#N/D,,,,,
Sunday/Niedziela,01.01.17,,,,,,,,,#N/D,,,,,
Monday/Poniedziałek,02.01.17,,,,,,,,,#N/D,,,,,
Tuesday/Wtorek,03.01.17,,,,,,,,,#N/D,,,,,
Wednesday/Środa,04.01.17,,,,,,,,,#N/D,,,,,
Thursday/Czwartek,05.01.17,,,,,,,,,#N/D,,,,,
Friday/Piątek,06.01.17,,,,,,,,,#N/D,,,,,
Saturday/Sobota,07.01.17,,,,,,,,,#N/D,,,,,
Sunday/Niedziela,08.01.17,,,,,,,,,#N/D,,,,,
Monday/Poniedziałek,09.01.17,,,,,4 500,,,,#N/D,,,,,
Tuesday/Wtorek,10.01.17,"7,35","28,9",4 100,,5 000,3 650,"0,73",14,"0,23","155,00",248,98,,18
Wednesday/Środa,11.01.17,"7,17","29,9",4 800,108,5 000,3 650,"0,73",12,"0,20","135,00",,101,16,15
Thursday/Czwartek,12.01.17,"7,20","30,7",5 600,,6 000,4 380,"0,73",25,"0,42",,296,96,,16
Friday/Piątek,13.01.17,"7,08","31,3",4 900,1 000,5 500,4 015,"0,73",25,"0,42","150,00",,94,,18
Saturday/Sobota,14.01.17,,,,,,0,#DZIEL/0!,,#N/D,,,,,
Sunday/Niedziela,15.01.17,,,,,,0,#DZIEL/0!,,#N/D,,,,,
Monday/Poniedziałek,16.01.17,"7,14","32,1",5 100,,5 500,4 125,"0,75",43,"0,72","190,00",,101,,
Tuesday/Wtorek,17.01.17,"7,13","31,8",6 000,299,6 000,4 500,"0,75",21,"0,35",,335,88,,0
Wednesday/Środa,18.01.17,"7,08","32,3",5 500,123,5 500,4 125,"0,75",248,"4,13","175,00",,98,14,
Thursday/Czwartek,19.01.17,"7,00","33,9",6 300,114,6 500,4 875,"0,75",19,"0,32",,391,72,,16
Friday/Piątek,20.01.17,"7,03",,,242,6 000,4 500,"0,75",19,"0,32","220,00",,111,,18
Saturday/Sobota,21.01.17,,,,,5 400,4 050,"0,75",,#N/D,,,,,
Sunday/Niedziela,22.01.17,,,,,5 400,4 050,"0,75",,#N/D,,,,,
Monday/Poniedziałek,23.01.17,"7,08","35,0",3 271,,5 400,4 050,"0,75",19,"0,32","220,00",298,76,25,23
Tuesday/Wtorek,24.01.17,"7,08","34,4",8 400,,6 500,4 875,"0,75",18,"0,30",,442,46,20,
Wednesday/Środa,25.01.17,"7,20","35,7",4 694,175,4 600,3 450,"0,75",37,"0,62","190,00",,107,19,
Thursday/Czwartek,26.01.17,"7,20","36,3",9 900,,5 100,3 825,"0,75",18,"0,30",,378,102,,23
Friday/Piątek,27.01.17,"7,30","35,6",7 600,368,5 666,4 250,"0,75",0,"0,00","190,00",,111,,34
Saturday/Sobota,28.01.17,,,,,5 666,4 250,"0,75",,#N/D,,,,,
Sunday/Niedziela,29.01.17,,,,,5 666,4 250,"0,75",,#N/D,,,,,
Monday/Poniedziałek,30.01.17,"7,20","35,8",5 900,,5 100,3 825,"0,75",14,"0,23","205,00",,121,46,42
Tuesday/Wtorek,31.01.17,,"35,5",3 623,,5 950,4 463,"0,75",21,"0,35","205,00",,107,,47
Wednesday/Środa,01.02.17,"7,20","35,1",7 600,1 124,6 800,5 100,"0,75",3,"0,05","230,00",410,112,46,44
Thursday/Czwartek,02.02.17,"7,23","34,9",7 200,,5 400,4 050,"0,75",21,"0,35",,247,104,,20
Friday/Piątek,03.02.17,"7,34","34,9",5 000,,5 000,3 750,"0,75",26,"0,43","175,00",,75,,20
Saturday/Sobota,04.02.17,,,,,5 000,3 750,"0,75",,#N/D,,,,,
Sunday/Niedziela,05.02.17,,,,,5 000,3 750,"0,75",,#N/D,,,,,
Monday/Poniedziałek,06.02.17,"7,37",,3 700,,5 400,4 050,"0,75",22,"0,37","230,00",,111,,18
Tuesday/Wtorek,07.02.17,"7,26","34,9",7 100,,5 400,4 050,"0,75",15,"0,25",,262,94,,14
Wednesday/Środa,08.02.17,"7,23","34,7",3 600,,5 250,3 938,"0,75",73,"1,22","270,00",,89,12,11
Thursday/Czwartek,09.02.17,"7,23","34,9",3 000,,4 750,3 563,"0,75",8,"0,13","280,00",263,83,,6
Friday/Piątek,10.02.17,"7,13","35,4",6 913,1 601,5 000,3 750,"0,75",0,"0,00","240,00",,88,,8
Saturday/Sobota,11.02.17,,,,,,,,,#N/D,,,,,
Sunday/Niedziela,12.02.17,,,,,,,,,#N/D,,,,,
Monday/Poniedziałek,13.02.17,"7,21","34,7",2 400,,3 100,2 139,"0,69",6,"0,10","230,00",,84,,12
Tuesday/Wtorek,14.02.17,"7,10","35,1",6 500,,4 500,3 105,"0,69",0,"0,00",,193,86,,9
Wednesday/Środa,15.02.17,"7,39","35,4",3 100,<1000,5 000,2 800,"0,56",1,"0,02","285,00",,88,5,4
Thursday/Czwartek,16.02.17,"7,20","35,5",6 200,,5 000,2 800,"0,56",121,"2,01","260,00",258,72,,5
Friday/Piątek,17.02.17,"7,27","35,6",7 600,310,4 500,2 520,"0,56",0,"0,00","280,00",,78,,4
Saturday/Sobota,18.02.17,,,,,4 500,2 520,"0,56",,#N/D,,,,,
Sunday/Niedziela,19.02.17,,,,,,,,,#N/D,,,,,
Monday/Poniedziałek,20.02.17,"7,05","36,4",6 500,,7 500,4 200,"0,56",25,"0,42","240,00",,29,,0
Tuesday/Wtorek,21.02.17,"7,05","35,4",7 500,,8 500,4 760,"0,56",8,"0,13","240,00",405,42,,5
Wednesday/Środa,22.02.17,"7,19","35,2",6 900,300,8 500,4 760,"0,56",39,"0,65","250,00",,46,8,8
Thursday/Czwartek,23.02.17,"7,14","35,4",6 700,,9 000,5 040,"0,56",21,"0,35","280,00",392,51,,12
Friday/Piątek,24.02.17,"7,08",,6 100,179,8 000,4 480,"0,56",21,"0,35","260,00",,54,,14
Saturday/Sobota,25.02.17,,,,,8 000,4 480,"0,56",,#N/D,,,,,
Sunday/Niedziela,26.02.17,,,,,8 500,4 760,"0,56",,#N/D,,,,,
Monday/Poniedziałek,27.02.17,"7,09","35,7",7 000,,9 000,5 040,"0,56",17,"0,28","230,00",,49,,21
Tuesday/Wtorek,28.02.17,"7,02","35,6",6 800,,7 000,3 920,"0,56",42,"0,70","220,00",339,41,,18
Wednesday/Środa,01.03.17,"7,31","36,1",6 500,130,8 000,4 480,"0,56",21,"0,35","280,00",,43,11,11
Thursday/Czwartek,02.03.17,"7,38","36,0",5 700,,7 500,4 200,"0,56",18,"0,30","310,00",379,45,,7
Friday/Piątek,03.03.17,"7,33","36,1",5 900,112,8 500,4 760,"0,56",25,"0,42","290,00",,46,,5
Saturday/Sobota,04.03.17,,,,,8 000,4 480,"0,56",,#N/D,,,,,
Sunday/Niedziela,05.03.17,,,,,,,,,#N/D,,,,,
Monday/Poniedziałek,06.03.17,"7,25","37,2",4 800,,7 500,4 575,"0,61",12,"0,20","240,00",,76,,13
Tuesday/Wtorek,07.03.17,"7,07","35,5",4 500,,7 000,4 270,"0,61",10,"0,17","260,00",278,79,,13
Wednesday/Środa,08.03.17,"7,05",,,300,7 000,4 270,"0,61",7,"0,12","260,00",,44,13,12
Thursday/Czwartek,09.03.17,"7,10","36,0",7 900,,7 000,3 710,"0,53",22,"0,37","290,00",160,58,,9
Friday/Piątek,10.03.17,,,,,7 000,3 710,"0,53",,#N/D,,,,,
Saturday/Sobota,11.03.17,,,,,7 000,3 710,"0,53",,#N/D,,,,,
Sunday/Niedziela,12.03.17,,,,,7 000,3 710,"0,53",,#N/D,,,,,
Monday/Poniedziałek,13.03.17,"7,12","35,6",7 200,,6 600,3 498,"0,53",14,"0,23","300,00",220,44,,7
Tuesday/Wtorek,14.03.17,,"35,4",5 300,,6 600,3 498,"0,53",79,"1,32","255,00",,10,,5
Wednesday/Środa,15.03.17,"6,95","35,9",4 200,,7 000,3 710,"0,53",14,"0,23","350,00",175,13,5,4
Thursday/Czwartek,16.03.17,"7,13","35,3",9 300,,7 400,3 922,"0,53",11,"0,18","290,00",279,17,,4
Friday/Piątek,17.03.17,"7,04",,7 100,,7 000,3 710,"0,53",35,"0,58","320,00",,17,,3
Saturday/Sobota,18.03.17,,,,,7 000,3 710,"0,53",,#N/D,,,,,
Sunday/Niedziela,19.03.17,,,,,,,,,#N/D,,,,,
Monday/Poniedziałek,20.03.17,"7,09","34,5",4 500,,7 000,3 710,"0,53",0,"0,00","290,00",,24,,4
Tuesday/Wtorek,21.03.17,"7,11","34,8",5 900,,5 800,3 074,"0,53",50,"0,83","295,00",88,15,,3
Wednesday/Środa,22.03.17,"7,12","35,0",7 300,,5 700,3 021,"0,53",35,"0,58",,208,9,1,2
Thursday/Czwartek,23.03.17,"6,98","35,5",5 800,,6 000,3 180,"0,53",29,"0,48","280,00",,9,3,0
Friday/Piątek,24.03.17,"7,24","35,7",7 100,,6 000,3 240,"0,54",3,"0,05",,,22,,3
Saturday/Sobota,25.03.17,,,,,6 000,3 240,"0,54",,#N/D,,,,,
Sunday/Niedziela,26.03.17,,,,,6 000,3 240,"0,54",,#N/D,,,,,
Monday/Poniedziałek,27.03.17,"7,24","37,0",6 600,,6 000,3 240,"0,54",20,"0,33","255,00",74,82,,7
Tuesday/Wtorek,28.03.17,"7,14","35,5",5 800,,7 000,3 780,"0,54",11,"0,18",,144,54,,6
Wednesday/Środa,29.03.17,"7,10","36,0",9 100,,7 000,3 780,"0,54",49,"0,82","235,00",,57,6,6
Thursday/Czwartek,30.03.17,"7,14","35,1",8 100,,7 000,3 780,"0,54",11,"0,18",,375,58,,6
Friday/Piątek,31.03.17,"7,16","36,3",6 100,,7 200,3 888,"0,54",6,"0,10","300,00",,50,,4
Saturday/Sobota,01.04.17,,,,,7 200,3 888,"0,54",,#N/D,,,,,
Sunday/Niedziela,02.04.17,,,,,,0,"0,54",,#N/D,,,,,
Monday/Poniedziałek,03.04.17,"7,20","36,4",5 000,,7 400,3 996,"0,54",18,"0,30","285,00",,59,,6
Tuesday/Wtorek,04.04.17,"7,18","36,0",6 600,,7 600,4 104,"0,54",24,"0,40","260,00",,69,,5
Wednesday/Środa,05.04.17,"7,11","36,1",7 200,,7 400,3 996,"0,54",39,"0,65","260,00",,81,9,5
Thursday/Czwartek,06.04.17,"7,21","36,1",6 500,,7 000,3 780,"0,54",30,"0,50","305,00",297,74,,4
Friday/Piątek,07.04.17,"7,16","36,3",5 700,,7 000,3 780,"0,54",22,"0,37",,,47,,4
Saturday/Sobota,08.04.17,,"36,4",,,7 000,3 780,"0,54",,#N/D,,,,,
Sunday/Niedziela,09.04.17,,"36,7",,,,,"0,54",,#N/D,,,,,
Monday/Poniedziałek,10.04.17,"7,03","36,6",6 200,,7 300,3 796,"0,52",57,"0,95","210,00",443,73,,8
Tuesday/Wtorek,11.04.17,,"35,6",6 300,,8 000,4 160,"0,52",0,"0,00","210,00",,52,,5
Wednesday/Środa,12.04.17,"7,17","36,5",8 900,1 005,8 000,4 160,"0,52",18,"0,30","185,00",345,52,5,5
Thursday/Czwartek,13.04.17,"6,96","36,2",5 900,,8 000,4 160,"0,52",86,"1,43",,,42,,5
Friday/Piątek,14.04.17,"6,98",,5 000,,8 000,4 160,"0,52",19,"0,32","225,00",,38,,7
Saturday/Sobota,15.04.17,,,,,8 000,4 160,"0,52",,#N/D,,,,,
Sunday/Niedziela,16.04.17,,"36,5",,,,,,,#N/D,,,,,
Monday/Poniedziałek,17.04.17,,,,,,,,,#N/D,,,,,
Tuesday/Wtorek,18.04.17,"7,14","34,9",7 200,,8 200,4 264,"0,52",51,"0,85","190,00",276,43,,13
Wednesday/Środa,19.04.17,"7,14",,3 800,184,8 200,4 264,"0,52",8,"0,13",,,18,7,6
Thursday/Czwartek,20.04.17,,"35,9",6 200,,8 200,4 264,"0,52",11,"0,18","165,00",253,27,,6
Friday/Piątek,21.04.17,"6,95","36,1",6 000,261,8 200,4 264,"0,52",44,"0,73","160,00",,33,,7
Saturday/Sobota,22.04.17,,"35,7",,,8 200,4 264,"0,52",,#N/D,,,,,
Sunday/Niedziela,23.04.17,,"36,7",,,8 200,4 264,"0,52",,#N/D,,,,,
Monday/Poniedziałek,24.04.17,"7,00",,8 500,,8 200,4 264,"0,52",15,"0,25","135,00",,42,,7
Tuesday/Wtorek,25.04.17,"6,93","36,4",6 900,,8 600,4 472,"0,52",19,"0,32","130,00",353,23,,6
Wednesday/Środa,26.04.17,"7,14","36,1",7 500,,8 400,4 368,"0,52",14,"0,23","115,00",298,22,5,4
Thursday/Czwartek,27.04.17,"6,95","35,8",7 600,,8 600,4 472,"0,52",15,"0,25","100,00",,30,,
Friday/Piątek,28.04.17,"7,04","35,8",7 500,229,8 600,4 472,"0,52",32,"0,53",,,70,,3
Saturday/Sobota,29.04.17,,,,,,0,"0,52",,#N/D,,,,,
Sunday/Niedziela,30.04.17,,,,,,0,"0,52",,#N/D,,,,,
Monday/Poniedziałek,01.05.17,,,,,,0,"0,52",,#N/D,,,,,
Tuesday/Wtorek,02.05.17,"7,04",,8 500,,9 250,4 810,"0,52",26,"0,43","120,00",306,58,,5
Wednesday/Środa,03.05.17,"7,00",,6 500,385,8 400,4 368,"0,52",,#N/D,,,,,
Thursday/Czwartek,04.05.17,"7,00",,6 800,,9 200,4 784,"0,52",14,"0,23","115,00",453,47,5,5
Friday/Piątek,05.05.17,"7,10",,6 900,534,9 700,5 044,"0,52",37,"0,62",,,45,,5
Saturday/Sobota,06.05.17,,,,,,0,"0,52",,#N/D,,,,,
Sunday/Niedziela,07.05.17,,,,,,0,"0,52",,#N/D,,,,,
Monday/Poniedziałek,08.05.17,"7,00",,7 300,105,9 750,5 070,"0,52",43,"0,72","120,00",,24,,5
Tuesday/Wtorek,09.05.17,"7,29",,7 200,,9 000,4 680,"0,52",17,"0,28",,315,19,,4
Wednesday/Środa,10.05.17,"6,95",,7 100,128,9 000,4 680,"0,52",24,"0,40","90,00",291,16,4,3
Thursday/Czwartek,11.05.17,"7,11",,5 900,,8 000,4 160,"0,52",49,"0,82",,238,20,,5
Friday/Piątek,12.05.17,"7,00",,6 000,124,8 000,4 160,"0,52",17,"0,28","95,00",,21,,4
Saturday/Sobota,13.05.17,,,,,,0,"0,52",,#N/D,,,,,
Sunday/Niedziela,14.05.17,,,,,,0,"0,52",,#N/D,,,,,
Monday/Poniedziałek,15.05.17,,,3 700,,8 000,4 160,"0,52",40,"0,67","110,00",,62,,4
Tuesday/Wtorek,16.05.17,"7,08",,6 200,,7 200,3 744,"0,52",11,"0,18","100,00",,65,,7
Wednesday/Środa,17.05.17,"7,11","36,7",,294,6 800,3 536,"0,52",55,"0,92",,,73,6,5
Thursday/Czwartek,18.05.17,,,,,7 400,3 848,"0,52",,#N/D,,,,,
Friday/Piątek,19.05.17,"7,06",,6 200,200,7 000,3 640,"0,52",35,"0,58","120,00",,81,,7
Saturday/Sobota,20.05.17,,,,,,,"0,52",,#N/D,,,,,
Sunday/Niedziela,21.05.17,,,,,,,"0,52",,#N/D,,,,,
Monday/Poniedziałek,22.05.17,"7,28",,6 500,,7 000,3 640,"0,52",64,"1,07","100,00",,106,,6
Tuesday/Wtorek,23.05.17,"7,13",,6 600,,7 100,3 692,"0,52",3,"0,05",,364,101,,7
Wednesday/Środa,24.05.17,"7,11",,5 800,,6 800,3 536,"0,52",39,"0,65","105,00",,48,,4
Thursday/Czwartek,25.05.17,"7,00",,5 000,,7 000,3 640,"0,52",25,"0,42",,292,50,,6
Friday/Piątek,26.05.17,"7,11",,4 800,107,7 000,3 640,"0,52",12,"0,20",,,52,,6
Saturday/Sobota,27.05.17,,,,,,0,"0,52",,#N/D,,,,,
Sunday/Niedziela,28.05.17,,,,,,0,"0,52",,#N/D,,,,,
Monday/Poniedziałek,29.05.17,,,5 900,,6 600,3 432,"0,52",55,"0,92","100,00",,92,,9
Tuesday/Wtorek,30.05.17,"7,05",,5 000,,7 200,3 744,"0,52",40,"0,67",,269,48,,12
Wednesday/Środa,31.05.17,"6,95",,5 900,,6 800,3 536,"0,52",18,"0,30","105,00",,80,10,9
Thursday/Czwartek,01.06.17,"7,09",,5 300,,6 400,3 328,"0,52",11,"0,18",,337,78,,10
Friday/Piątek,02.06.17,,,,,,0,"0,52",,#N/D,,,,,
Saturday/Sobota,03.06.17,,,,,,0,"0,52",,#N/D,,,,,
Sunday/Niedziela,04.06.17,,,,,,0,"0,52",,#N/D,,,,,
Monday/Poniedziałek,05.06.17,"7,20",,4 900,,6 600,3 432,"0,52",3,"0,05","90,00",,85,,10
Tuesday/Wtorek,06.06.17,,,,,,0,"0,52",,#N/D,,,,,
Wednesday/Środa,07.06.17,,,,,,0,"0,52",,#N/D,,,,,
Thursday/Czwartek,08.06.17,,,5 800,,7 400,3 848,"0,52",88,"1,47","100,00",,91,,8
Friday/Piątek,09.06.17,,,5 700,268,6 875,3 575,"0,52",46,"0,77",,,103,5,4
Saturday/Sobota,10.06.17,,,,,,0,"0,52",,#N/D,,,,,
Sunday/Niedziela,11.06.17,,,,,,0,"0,52",,#N/D,,,,,
Monday/Poniedziałek,12.06.17,,,,,6 000,3 120,"0,52",,#N/D,,,,,
Tuesday/Wtorek,13.06.17,"7,12",,5 900,,6 200,3 224,"0,52",24,"0,40",,333,101,,2
Wednesday/Środa,14.06.17,"7,00",,5 200,230,6 579,3 421,"0,52",49,"0,82","150,00",397,125,5,3
Thursday/Czwartek,15.06.17,,,,,,,"0,52",,#N/D,,,,,
Friday/Piątek,16.06.17,"6,94",,5 400,877,6 600,3 432,"0,52",21,"0,35","100,00",325,115,,7
Saturday/Sobota,17.06.17,,,,,,,"0,52",,#N/D,,,,,
Sunday/Niedziela,18.06.17,,,,,,,"0,52",,#N/D,,,,,
Monday/Poniedziałek,19.06.17,"7,14",,5 600,,6 800,3 536,"0,52",32,"0,53","150,00",363,113,,5
Tuesday/Wtorek,20.06.17,,,7 400,,6 900,3 588,"0,52",19,"0,32",,,102,,5
Wednesday/Środa,21.06.17,"7,25",,6 900,,7 000,3 640,"0,52",62,"1,03",,,137,9,8
Thursday/Czwartek,22.06.17,"7,16",,8 500,,8 300,4 316,"0,52",161,"2,68","135,00",485,102,,10
Friday/Piątek,23.06.17,,,,,,,,,,,,,,
Saturday/Sobota,24.06.17,,,,,,,,,,,,,,
Sunday/Niedziela,25.06.17,,,,,,,,,,,,,,
Monday/Poniedziałek,26.06.17,,,,,,,,,,,,,,
Tuesday/Wtorek,27.06.17,,,,,,,,,,,,,,
Wednesday/Środa,21.06.17,,,,,,,,,,,,,,
Thursday/Czwartek,22.06.17,,,,,,,,,,,,,,
